signal_strength,frequency,distance,velocity,altitude,Object_Type
55.089549144446394,2.2025474622207075,1001.3351129003312,9.826196001582701,6732.895524946573,Missile
124.19970710103158,4.298138420478882,1922.230365992092,109.42795607193092,9339.127778861965,Aircraft
92.81587291770315,4.28318271977531,4392.459803489604,1485.385084794779,1600.0015504599357,Aircraft
59.23912390082688,3.5270784531673214,2129.7133317883113,545.3268404891597,1561.3066491218553,Aircraft
19.00527116516955,4.8980029900589805,3276.477648490427,1130.9054782478347,3065.2517507738517,Drone
39.8583491994938,5.138868425595418,973.4875059449251,1304.9922821744403,8977.199280314582,Aircraft
4.843190868146326,3.2832592845045747,3305.422170124076,1157.5566124777786,3743.003276707789,Aircraft
116.76597314981012,3.4161902459642435,1564.4798164829017,1506.612186788488,3481.21321291145,Drone
85.78080275027601,2.504542085504827,1559.2327648308312,272.91135784535754,7154.711541147573,Missile
69.60817144211306,4.076157015879982,2830.321161231632,161.68855963045638,13509.296898545288,Drone
-4.050258392698968,2.7020888885390257,332.3300235086008,639.6155910812095,2828.1912127112837,Aircraft
117.90087378544074,2.5038431431638273,680.8498323828361,267.98966929366134,8876.949194933997,Drone
84.87731358524448,1.9064254443439697,2027.114073894383,22.045732043696304,10260.565923026432,Missile
55.55437353386402,6.268582698998667,607.9749937355056,662.1814445711975,10334.292164762694,Drone
10.629582494652546,4.483124472903003,1202.0432762325659,1259.3411905432124,14440.538117102034,Aircraft
25.68173544396811,1.7039326742543859,1636.8910346630332,911.810103487185,-38.50628918899969,Drone
44.41803493253577,4.3605475532423466,3824.704645063755,494.46187707457256,3930.1338480068835,Drone
62.68522343705016,1.446256712659981,3215.940778525967,1039.385917935103,12684.260305419431,Missile
47.804619419180604,2.9838289551280055,3252.2395753646633,336.9438816886611,5580.58014621272,Aircraft
52.641080201055836,3.770840844234375,1927.3837090722454,130.74199293597314,8135.38952754659,Drone
52.93392513705143,1.830214204043565,4598.9743282907275,1273.776072935494,8398.715118501186,Drone
29.023816576843945,4.4970565608134585,2286.355107194369,1029.3702122513562,10818.971970590845,Aircraft
45.17600635849593,3.860873394280833,516.7951303900564,1104.2666326398733,12330.865572410916,Missile
57.02552997437657,3.7243005797189106,3458.1539204367155,131.75933640623234,14977.312384380404,Aircraft
67.15982190869623,0.9030716571805483,1276.9726893417292,1173.3035522913403,9168.096711986052,Drone
65.94444553387305,1.6191309210546598,1917.8770427576899,988.3803118349372,4123.357773527434,Missile
12.962190011634444,3.843264564002251,2642.3410799022895,898.4654974337059,14523.013318829348,Drone
80.30390740156656,4.295817124855969,4513.764829978905,824.8032259988194,1121.9099398059839,Drone
72.37787568865727,3.546980918225063,2589.9436907183554,1222.1033388852625,2852.309823858046,Aircraft
12.488734969251515,2.0328310266056966,3640.3246627547423,881.2382117383515,13446.084399058085,Missile
91.8708677849529,4.2961497084805504,5597.592312245771,871.3178685380021,3931.667062781946,Aircraft
35.3770494093762,3.492230281879389,1017.5933293171184,1401.821392266044,3765.805065038777,Drone
42.89358519977976,4.101862709482974,1628.7898192314713,1174.4872533040766,1064.5801771650226,Missile
96.9236202014183,2.0003589647480347,2081.3297984988612,708.929170529982,13374.81900801692,Missile
128.16178151919456,5.017256894320232,2621.484394874722,1062.1268108092488,5387.354756664971,Aircraft
111.00190048596495,3.5555335291507446,2295.227586729525,561.4787789420079,9652.001083615858,Drone
40.63463930668355,4.859214849326346,4389.437600008069,455.278919450233,3271.4700487567065,Drone
42.38733338482604,1.4492033015096326,4109.538109782758,1031.3137194034318,11901.463733924116,Missile
84.41928136474975,2.7849080083830318,3661.454364762258,1362.014738395972,11442.187302076762,Missile
75.74167286215334,4.514455128991803,1712.0501606609077,1354.4006198215834,3633.2601280486424,Drone
15.289206878880739,0.9833803704512188,3647.0947435876415,580.1471898318007,5431.176731199603,Aircraft
69.90492470887821,4.618034036855993,5100.026408633526,790.0702694391687,3383.3291413479183,Drone
38.62744899196129,3.7911978366312282,3990.003323748018,347.1142488798724,14587.505374019629,Aircraft
66.36453986995585,1.6421331644703991,744.2306531104587,1545.440829394108,9256.179110461737,Drone
22.953520838014725,2.1545051231459014,2772.7750205117813,1338.9660402829963,13640.036791051598,Aircraft
42.41330008191706,4.173239505259468,997.888417979246,1084.0691108154856,5177.378997801516,Aircraft
40.89578357048451,1.314534496242171,1295.880912717514,1221.4880232353903,11336.020545358286,Drone
72.3685755311643,1.9458552442573833,987.09038728493,1058.0907137420124,11440.820798659397,Aircraft
86.2721781289028,1.725997452138699,3221.361458623175,903.8330268117274,12141.618483275903,Missile
35.89977814833879,3.3828007820647774,3303.4727848977373,124.72465048533796,13349.074621968188,Aircraft
121.99600340473407,0.3361818152612761,893.0834774185389,588.2242054602139,4482.500322724374,Aircraft
61.309103995665794,4.906097335606848,2433.170510789418,1133.0858140644716,2674.559853326269,Drone
69.60917873480781,5.965481459350176,2584.832626234509,1035.3136343902859,9565.547553701223,Drone
90.75297255076262,5.728644717330888,2336.0624920658697,622.0379458437724,10712.126004916276,Drone
73.59298003897642,3.849197317320553,1637.5446775380142,1482.0618645943273,8043.477442031447,Drone
93.25951758043794,2.5638532563174943,1915.992572330324,221.18632471411144,2973.7464950735944,Drone
-3.9322313364445876,4.137120003757569,4365.464987628468,808.6642299450289,8895.224020550468,Drone
34.341828400839795,0.8623874860525785,850.8412716566135,1033.0468896357775,5393.329841774524,Missile
4.051140605270248,0.6591123416373312,591.1748488716271,1120.120872808278,7159.03007919325,Aircraft
56.07151469351173,2.082712096056475,1697.376725540232,841.6205678901779,8580.775135451375,Drone
56.59315686661129,2.682848988639803,4681.029585052052,442.2313084883084,10282.77667685114,Drone
27.60972574700134,4.200921026894014,3785.071943830451,234.30207869072456,1288.884966841671,Missile
78.59099697210395,3.845583293160926,3515.750068913281,1002.3718804431217,5491.843216773402,Drone
32.65206330715287,2.7857430396143834,2581.986437844597,951.8911615179588,4875.869956883801,Drone
41.53457431589288,2.4003633839491085,2736.120853422955,260.53240228185757,3473.1682591405465,Drone
77.74282146017845,5.821950392981283,541.9636437710288,1022.5995905849938,11595.258967576294,Aircraft
16.488047302947855,3.3694131037528186,2986.714175519004,702.2528122147887,13630.024920136744,Drone
91.73645619309085,1.7661195194037695,4718.880828880556,955.4879019125071,5065.351132639868,Missile
18.010187218795053,-0.1332495096646915,3522.6468245808765,1323.1211243483674,11457.863079090554,Aircraft
87.05786244410622,4.833262132867209,4305.415132494237,270.2617174052174,14077.932435114217,Missile
80.17412614441422,2.81791381423516,2976.6145926092818,-125.72911675710172,11414.541306972073,Aircraft
20.36861968644318,1.7257426698301632,1102.1973178555545,1153.4612063103646,3063.6376395043444,Aircraft
12.137029789680462,0.5104450642218191,4692.061448306341,861.3631990122151,15094.696931312817,Missile
67.268745887554,2.4606109019928386,920.2857260894962,950.2880688698103,5380.398731228295,Drone
106.0194645015552,3.9970687668678924,3273.5882840115833,1178.7048490579516,5715.246341186628,Drone
78.84952672285492,2.62444672020469,818.3009531758448,1221.7344485238336,3281.9503320169697,Missile
71.20574511498687,4.399896968492937,756.7445799242031,1536.339071024172,7260.513211773244,Aircraft
29.13327079974056,-0.2094980373778359,2756.906424317768,849.0287775061199,2038.9485130540966,Missile
46.99233753817936,2.34696809039367,1294.106909241748,715.863430181761,3212.7976648895337,Aircraft
25.95498076901203,5.048726484452178,2782.897769864907,664.6497335035078,4967.445994414133,Aircraft
98.26077457069886,1.6436711695625992,2946.145541003177,240.71569040876716,12519.729520011935,Drone
81.22646579691421,3.682455734501751,672.3690234597694,831.6584618375124,13300.654763114968,Aircraft
38.514324774054025,2.5796606974300804,1157.8177731183562,370.8627734963603,3790.9918744088127,Aircraft
16.44739441321169,2.502364859115442,2867.7222147928483,1263.267876236194,13059.691423604512,Aircraft
40.75281027997832,5.01961684972922,1841.5406655284785,868.3320067426304,14042.497717783996,Aircraft
11.485848291105988,1.9561877666430831,3791.5264192189234,920.682006031169,11852.207772346237,Aircraft
55.64062833406684,5.413996865881682,3109.1386370048876,557.8771013706222,3055.3469500836777,Drone
91.50771172008493,1.8088477224454658,3979.472094789025,96.26687541136076,10196.20084281076,Aircraft
115.65153510862538,1.833305638443381,3820.029704898465,29.82623554205881,14780.778753789442,Drone
54.04165341961027,0.4712487601868083,2090.05163770807,706.4131924400842,10493.267404203862,Aircraft
38.21589412090063,3.296369725669483,3728.2435510477094,80.42056384473395,4280.36246795694,Aircraft
81.72833529599264,1.854743475076214,1877.992672005569,984.250039502245,7813.448633558485,Missile
127.04601601618036,4.336370757412152,1360.668725864778,1257.2556668526327,8927.94581517845,Missile
81.69579947707834,4.091035562865869,3847.1638239428735,1277.5560173374347,7201.194870146869,Missile
79.75861052415338,3.9124429116069375,2867.1206447213317,902.9408813486396,2038.7614776253497,Missile
45.170541100144874,0.6126090842987659,3798.3618729906816,321.1880053537554,4987.549684019207,Drone
37.72193154669594,5.504311901067968,4061.5794028144373,1369.617277563823,11104.31488318742,Aircraft
57.255236006692314,3.9598608371606607,4497.648787451346,1370.9294473952289,13778.317503769511,Aircraft
10.688268960263063,3.6153364615142665,4859.875714070212,403.6372460237526,2603.375510102375,Aircraft
7.297508515499242,5.107066193644804,2363.9718264964845,1155.8178025828574,13726.77986225229,Drone
12.81574159130084,3.620165085956191,1755.6476240376323,388.1964579472024,3769.389168784939,Aircraft
54.689612846886504,4.783088086008517,3546.605318183065,1190.673207208819,9852.551043822583,Aircraft
70.45560301219462,1.9995276206670387,2691.945804608598,1441.3810158220015,10945.439703665621,Drone
73.91025164741798,0.7885667322630159,3498.4911658355873,186.6779510103524,12288.51126174688,Drone
92.48572829433817,6.193507140548599,3700.7318246667182,1267.4053001470095,13901.177234241906,Drone
62.142540415260385,3.0426008119806154,3355.342866722338,1015.373111975292,3156.5357770334485,Aircraft
53.99115845756465,4.70561592431122,1936.3546696235762,1523.9115686966045,12581.068622177236,Missile
67.52482806351993,3.1355942123347447,1407.625139224115,852.3372145334462,1817.6395723448345,Aircraft
61.15071439837466,2.3804516584287363,2562.9014893465387,1250.0344378444272,11112.038324487778,Drone
34.242043441573315,2.5938010065189987,1562.1532262525182,190.33395063811332,10596.90843006955,Aircraft
27.6214239182046,3.764664053261922,4700.571686087979,695.8702511712478,11541.016032597727,Drone
30.04262280906623,2.1938310703555226,1605.524482792413,103.93906235389571,2330.177127892374,Missile
81.24153838663449,2.1240794068587285,1510.6531478218326,1356.794726217387,14157.276888768629,Missile
63.907634400688316,2.4919774281392733,315.09673138155506,1103.0114631706197,2436.535927516402,Drone
84.56496373380851,2.6662068215691725,3291.0093567034737,1336.0836028269503,1586.8262915352243,Aircraft
118.35809682206938,3.423460339415511,3441.120490421853,1278.2290710150457,10854.069547364477,Drone
63.31525254464204,1.8202485318219146,2631.418996551002,147.33772116803416,8096.232585788108,Aircraft
43.37014326124143,4.319512616654188,1755.6790666160377,639.7284322370606,12441.670925742024,Missile
81.64508134237082,1.2984594330235075,2525.3469447693988,165.96287669189707,4933.721061625809,Missile
55.840498596781615,2.140750769369749,1845.5197421691548,385.43113774043354,3743.754398581772,Drone
75.70930354954196,1.8867718951935002,3707.394573351707,398.1406666106847,12472.204151095346,Aircraft
78.72744244868221,0.8299615558982585,3492.3032502992573,819.7260629509267,8456.000290336437,Aircraft
46.16810241692151,1.8371365377493816,2044.4714892217728,372.752996156066,3906.818837852124,Drone
16.339902216048575,3.2954122656375944,2019.079900921152,149.0285951936564,10008.157385262495,Aircraft
42.29166539005292,4.230075100741312,5015.183075457584,238.7759180174985,8191.985931604964,Aircraft
53.41505144836345,2.6699176323027594,2692.330222109935,321.66299398091456,8632.347630210454,Drone
81.8569605708033,4.477160924570241,3797.0113366274054,1523.989258160487,6861.649754762572,Drone
75.2449917298835,3.910733026758196,1258.96433728696,1182.5599073840824,12505.587031195726,Aircraft
11.904600483970267,3.1241364888541088,2936.8357986081737,1536.0986813231598,11260.306974519895,Aircraft
72.19065259359161,2.209408857762269,438.73928344851777,605.1608447201207,10046.823810927008,Aircraft
60.90663806626803,2.6961519018418207,2607.0575044132156,570.3399862194317,2751.3388371377996,Missile
23.10529616568016,1.2441376021541664,4508.0320621381525,1314.1518394731786,13307.875493238464,Aircraft
31.079213968133015,2.8979159627444506,2360.780577622169,574.5617209668651,10047.98174807857,Drone
58.280020562867065,5.336011379649047,909.1630076407363,608.8318154867293,10680.158840274378,Aircraft
70.39169709618096,1.8891036120631783,776.6329189826116,271.1700641639111,5273.050317508521,Aircraft
54.00663744735944,4.511054255236183,2748.2881497651742,201.32314888675563,14286.532095401786,Drone
51.56389335528159,3.022160176006376,1218.4334084356592,370.400196226574,10747.754781264044,Drone
84.80049674051162,4.459347971833282,805.7069301545904,615.7171879501512,1963.071624992876,Drone
37.641480842205766,3.2785039213756155,3575.450999934001,953.781750039159,7092.716827965476,Drone
70.66933510770907,1.2270979848810144,2447.2236292261878,193.74368167182877,12685.170205329385,Aircraft
72.58264702712145,3.3757731314647397,2010.2628011466786,451.1725925945172,2050.262202888462,Missile
40.86385786594986,3.4263316029415822,4805.104956797106,1271.7484814288107,13200.738504871835,Drone
63.67571799721307,1.7282732519140764,934.4352366031106,282.89936085277265,11523.235972851724,Drone
30.505515408775445,3.1532628609535847,4780.154954741516,477.6843285946037,9209.36159972473,Aircraft
52.36612643185802,0.8773455244854466,1457.488104193845,1244.4758690655276,3937.1739234108463,Missile
-1.9718451456717752,0.7268672214827786,4390.707765147083,362.1150245287585,2294.9895152673835,Drone
67.77394973868199,1.8563266689916609,3480.357893213513,224.5228419197486,13772.831696477919,Drone
42.049078861872076,0.15441340360904032,4392.744623668664,749.8487265095876,3712.4143432669216,Aircraft
14.34075848296676,4.709508384004458,5078.258950861453,459.25462315026545,11168.911844814313,Missile
43.00269720867513,2.985614020543885,1812.7565763386438,725.1355773837921,5847.666020654376,Drone
79.75507039807302,4.047469259926291,4827.228631922621,1140.5574218931283,2941.1189462704137,Drone
33.39661808991041,1.606831667056996,2054.572185218857,382.66464392125823,425.740616781349,Drone
46.68598190551445,1.8851150175026494,2444.4520973769113,802.3817826335405,8455.575644248129,Drone
50.50284277935781,1.9892874101151086,2158.0338524620925,796.2512900507784,13762.688885302647,Missile
111.38741800982518,4.148052440026369,3083.9398874619733,329.4353178428032,4895.526016074962,Aircraft
22.418818901055765,3.4177486989493477,1035.8422415029177,866.953217256864,6861.145791177418,Missile
81.71790646119953,1.0093593796520801,2345.698808149677,459.7083391327947,4638.80427814609,Aircraft
102.5530985361659,4.942654950316569,3266.8174693711267,823.013849514564,9181.069777488226,Missile
1.9363360174826383,1.0338013462774067,3784.9069199193937,170.16982273524727,6471.457803917281,Aircraft
66.3038790568916,4.290327244418276,3992.592099506199,917.1850968564272,13212.55828714732,Aircraft
58.078732525248356,4.179924543950442,2690.0297499801063,377.5700805406158,8488.551924863948,Drone
67.53878565684147,4.998290945219214,1742.895830105983,1316.5637533106353,8683.1057265606,Missile
76.24956496144122,4.3203646165969,1984.9879531409115,120.5230325284315,2073.0867131130235,Missile
53.80219692524337,5.028344032518894,1560.9090500449329,711.0149594701456,14432.22471674752,Drone
28.52202841644616,2.484515861263819,964.4849168557553,745.6170656095323,3779.859715127792,Missile
84.48904111625785,3.3515180914169562,1631.2291913960496,1049.9378768360223,1463.4906277337745,Missile
63.179136122635974,1.6002409517655496,2079.6978102044445,898.7467313529598,10693.922059226416,Aircraft
38.737793481506536,4.1233167985878305,4927.25339576899,887.4047873336824,8974.342802532723,Missile
28.326051255509146,2.820337827390115,2898.9065763513368,1218.948789235044,6780.779282910434,Aircraft
61.093280963222334,4.67964589297854,2105.7632158399597,1321.0654044237106,7701.352070638855,Missile
66.8910555862952,3.6760712880767454,2579.2336346021357,549.8256820525994,12102.500113403654,Aircraft
14.838653496934176,3.5892008845013432,1248.980999499831,904.2012055337598,3265.4406222885937,Missile
66.88422679961693,3.3217937525637273,2189.3854189552917,1293.8901025515195,11106.645792206802,Aircraft
31.804894803531088,5.117908548265994,2912.253360641727,1495.0703992852111,7661.747887572519,Missile
75.96044608620218,1.4950471537643562,2243.3324872006638,1278.1282174471662,6653.350212699048,Missile
65.0803263000809,3.0625865158885315,2641.811115441437,538.7720773499128,6848.767002074945,Missile
88.34188959967267,2.3842696879826666,4783.5387319408055,416.0628733794563,3512.217247141034,Missile
46.04847472152537,0.40564478904368095,4921.534742645121,860.1626576389722,11501.327720534,Drone
112.95660793139794,5.01447340114198,3144.5863728017907,1108.7123746204174,7693.510676990963,Drone
24.880544936356188,2.1436668188501216,2549.9907380423883,767.4453449000107,5782.956887479788,Drone
16.713440056352876,5.806287951134448,2958.014827226031,687.2892455552557,9050.03541944534,Aircraft
13.956587035486065,2.8188101129733982,1776.6479712030314,1347.5270897373318,14338.90470750858,Drone
65.91361064689718,1.6315524739661555,2231.3503913084332,620.6146573058447,7377.540958050084,Drone
84.91444600985885,3.3017852631673605,513.0817090618667,1432.5874990293487,13644.59701164447,Aircraft
40.91160590505572,3.4885148219032867,2687.9626364465566,578.3843459774174,5661.98026181388,Drone
97.94528336686356,2.397418547866046,3094.1454486597477,499.4774503023169,533.5887682280493,Missile
90.28168662255972,2.8150877888872192,1860.0934572351812,724.4865858163537,2623.3458764916413,Drone
61.12955699582403,4.288811996183482,5272.679581212689,1200.802357719363,6405.892219731052,Aircraft
74.81312998623285,3.0827521183711792,4484.615155480864,217.60620577445744,3382.823350894026,Aircraft
6.181153636917863,5.261605735103054,3351.830253726965,273.7005866826662,487.24449774547395,Aircraft
30.98243979610043,4.062054505162504,2776.200281107149,1491.2935242361334,13518.606309790363,Missile
103.34023854457064,3.912524613141846,4492.945370389448,354.94233508115894,11204.715400324525,Aircraft
69.8546508863688,2.6358118443685363,798.8078693424,809.0654239605683,10813.935142284801,Drone
87.80442722996538,3.2940649367015977,3770.1487997684694,984.8869727371946,3235.4922488408793,Drone
52.19982939631227,1.194981619245661,1164.8300273157831,841.8693796166173,1655.516422134307,Drone
41.70744726050085,1.1328917451336622,4059.3522760011892,994.2813652437325,910.2040451268705,Missile
87.56818230121343,1.481302734887287,1750.7931557545824,388.8206027728693,11677.136117441276,Missile
125.8292136632721,3.3042881306479663,4219.35901417183,890.1443322543984,13369.660032442353,Missile
93.69490776708682,4.388426317608076,4679.06920795256,529.3320051900628,5280.741157009932,Drone
86.11335246311495,4.202348989800152,892.3119190425289,1011.5197300038099,1746.691117120722,Missile
64.47211819923936,3.349581560338454,2849.099746131707,104.1072897684241,7347.313867909398,Aircraft
13.983531657632028,2.395752527565914,5225.018002149209,939.1241496024461,4524.598365330986,Missile
45.38533437573279,2.8894069206672914,2121.4771032077315,209.33748973488923,5544.588608096013,Aircraft
79.04307769353333,2.223171845474174,4107.11059325773,559.2718295068327,9751.030817717465,Drone
69.58781833105809,6.159472950807615,2700.3330730639154,344.0208038915442,10801.469038352561,Aircraft
13.57090242785362,0.8806914357197083,1993.9774053161386,300.29809207460244,1993.5784813590867,Missile
35.30242081547845,4.625405292516114,1760.9946089293078,1203.3395063370517,2081.0205978288363,Drone
78.08507310794869,3.9675152166007366,979.6103439778336,444.11325193374563,14641.2184207711,Drone
35.968025871565985,1.7616056637052397,3651.533917262044,1493.6266778638142,3790.3313065574575,Missile
25.214398130578687,2.6684644732740033,1938.2450690791757,1282.246855793071,494.7041310567326,Aircraft
59.85057911992632,1.878716345499745,2862.9197787230632,967.7152584349643,2252.054627619629,Missile
60.670160078680844,5.37750182472567,2736.267961116194,281.01327154242284,212.54578785790096,Drone
65.49250185906638,4.216506753920322,2881.2343655479144,508.60343755038775,5554.975472578508,Aircraft
43.60105215251757,4.477623207461598,4448.143416952304,1131.4399143414635,12343.367226362432,Missile
88.32916695748315,1.7123378698800342,4749.3230207492525,700.0640685153264,7063.802930750643,Missile
25.147447137079627,3.4985872266113747,2252.6324054843603,109.9894849430525,6145.4980134669895,Missile
59.076064654326316,5.728930349264276,4725.870776567925,776.6035851041553,9832.94268166247,Drone
100.0538802915162,3.2469137777340524,4342.513391483334,1355.0372526347815,7632.023233552217,Missile
78.17215547213269,4.93491883789941,2691.0059104718007,1227.7919626980924,13252.179800685528,Missile
116.08981002790523,4.372097241785282,5051.131871617451,238.27376283146424,13214.7722077456,Aircraft
61.00219339747388,4.649295857729148,1645.55428622529,1040.6724391763998,1274.945997976683,Missile
46.79486771716647,1.9410396049498675,647.209959767511,297.9284941268689,9751.7763101715,Missile
0.8131776926832188,4.408152612045001,4588.462144425857,443.45842299023207,5055.386747444403,Missile
71.85792891709244,4.2503000812325915,2937.5537503756327,1391.7000388336378,14437.02152781646,Aircraft
51.0316742598489,1.1459932170853528,3974.596402058448,449.2604153908697,8177.998080578951,Aircraft
38.685401406669854,1.947811179507844,4243.655077075087,457.0249267384074,13552.231161001155,Missile
102.04037377499296,4.766451140399108,1086.3576113388722,174.2305853446005,8936.97761021047,Aircraft
34.565482263865185,1.4066481763088665,4557.040026684968,1312.4481423991765,4261.156305713631,Missile
128.05000410842146,4.905011586698017,2682.8786317342565,1116.5312903737893,8317.01097033784,Missile
72.42940780940944,3.6378250717914966,2899.1229654391936,991.0901297797446,14010.65430279134,Drone
85.22582620240526,2.050809118017001,3436.875076197889,1283.9086511789194,12088.774374926918,Missile
71.09746680689574,5.517270661828729,4270.780091792066,199.4372582425035,774.9717417814549,Drone
73.36744924615942,1.9820386401172083,900.2177369203727,689.2668184834054,10713.371006448095,Aircraft
62.75967586969608,2.923707794222958,2996.672605158509,588.4193343228341,4748.083608528709,Drone
23.762322192163882,1.9351578531770994,3525.9319677171147,182.2026236422722,599.2868371976026,Aircraft
84.86819457796037,2.0652277737885676,3739.1382246978696,686.1279529352279,3828.165108178781,Missile
70.69215644239397,1.5962190102502016,3157.0636911502693,1463.602542932954,2912.359391599833,Missile
42.12657800684097,2.4791028907387442,1259.2345091418988,270.48857316471515,11400.308962026187,Missile
95.53558307216437,5.937064109610642,2018.8973801868087,486.34752669767465,4921.153529103913,Drone
26.500619206096133,2.4741019099928545,2095.5625592767674,287.64957721675,11999.664833119765,Missile
80.39261444435442,2.9100158811347256,4457.273442518923,286.8854110615164,747.1843125550633,Drone
94.42748235871227,3.5986250533327113,1654.1962565715064,1385.2884189105769,3199.0359180611295,Missile
94.0250249019663,4.94861608961415,1617.5541151704942,805.9715426718587,3729.754874250255,Missile
66.02556879749977,1.9309630353014304,4502.616784063798,759.395891017414,4026.822818491668,Aircraft
-4.150440123412896,4.7207453111192965,532.8191377483386,1152.6664126958397,2601.2985837549577,Drone
117.20873979892724,2.143550699828121,4937.8875731980515,232.76468018189098,2502.7388522416954,Drone
51.8846133867003,1.6836571101361186,3613.288221470563,680.0833091548074,8637.25547477775,Missile
90.92916947428228,2.056111023112981,4117.253768871019,731.9111533182784,2998.189751232501,Aircraft
81.9080325382377,2.998242034504389,1786.3455048563687,979.4845147896424,4405.617293253886,Aircraft
63.41790635940227,4.1593662640146025,812.2329009342218,1391.1575846447845,6391.136017798469,Missile
55.90347012499558,2.0058181104747534,3689.38356235542,1276.9896248916161,13146.535147579973,Missile
51.907587795980085,3.5318012602281295,3771.677556281437,667.0902548378496,14531.765237095418,Drone
68.74152022523273,2.8221704674850665,4357.017765052462,1347.9235509575738,6346.336566496516,Aircraft
25.92757883154797,0.7569495344565236,1557.2625164609199,203.57818440913823,5435.245371325508,Aircraft
28.522649245535476,3.6947973463454673,3502.746841624675,-1.4353457310885318,3186.384762070301,Drone
89.57942387600892,3.723787057132715,4167.064861057943,336.02228838948514,14641.467389479028,Missile
90.9985116624084,1.3419420802960298,3312.539889349844,578.7916662483402,1218.646683487271,Drone
53.13523943722625,0.5541847180665138,4026.567862179456,916.0873559212492,4541.834000426858,Aircraft
61.91874764586003,1.5062057823329735,4394.913717253843,991.362777751799,3284.481231732332,Drone
23.683265955446423,3.572717472499224,3190.8961739736665,1353.3906005840693,5958.4375120574805,Missile
28.747278491810007,2.8362763254900187,663.5915131876369,717.4424693115511,2059.1878529148457,Drone
98.38988501057388,0.8879399537021011,2487.1628278075714,862.9497247976481,12172.691925869502,Aircraft
27.74270326579175,4.357421362341343,574.56443137785,55.32298444077405,674.7906980362366,Aircraft
71.90946766130021,5.463256729469034,2084.396977176805,214.61455018558704,8616.5414897759,Aircraft
117.92418717841662,4.504298907770518,2311.825714050518,829.2750193062839,3093.375717294469,Missile
96.15996486355272,4.153117742442644,582.3163018978615,796.699734293349,873.1391689687783,Aircraft
71.72792892129898,1.4018163978938267,2274.3080225764434,1314.3367630255825,14813.119985753596,Drone
59.600838087843684,1.7758204568434282,1445.665291161695,273.39571357120343,2870.3340909019007,Drone
87.35968914632832,1.3801286386361544,3963.042472630487,49.85116404189306,10863.109084573309,Drone
44.37562405137679,1.4396017542308857,4836.417467000731,677.2426620844569,8928.654059281698,Aircraft
84.95783181697529,3.6609343068734113,975.3296717516038,424.32607575704,788.1482879661809,Missile
84.44719526768442,5.605276025898862,4939.619114088438,127.34179607655447,14895.12910324084,Aircraft
92.33705689792612,1.0872663091380717,2874.3812773901795,1059.1007173642524,3799.890082211264,Aircraft
90.89383802565857,1.3458680309162312,2070.8502763003494,200.21565121577456,11674.22106339954,Drone
52.302461805671484,2.1942083024041485,990.5540245469331,937.5636670916094,2746.704898486462,Drone
51.91841945637009,4.156683822283718,2381.5104796186906,308.51075113295246,14580.727457635847,Drone
83.37231526410204,2.106089195575933,4336.06676952515,333.64104104999086,691.4984791004476,Missile
63.84574289521474,3.2860950895248946,3948.076398880164,532.0592225028338,7679.514600480891,Drone
65.4646634404588,1.805800674564843,497.0312203343075,1131.3631072988808,12424.969154946715,Drone
85.25986697026653,1.0311475383721143,839.4396097898464,500.4215822138807,14196.987982804962,Aircraft
87.37576908409247,5.991402490107053,2517.9284696901877,1013.0435165052784,13814.739213686891,Aircraft
69.59950737686319,4.670688265014385,1766.0130773419362,137.07380514090823,11439.110418532628,Drone
10.282089085300342,1.0048028176937331,1867.6228680820188,1120.8870914802303,13521.129530585109,Missile
43.89115796610645,4.28419896628948,2473.681993475019,530.2814607415003,3896.7280521059956,Drone
84.95368916715836,1.8595115690709425,3879.876535045486,995.408461026201,3665.4962844247393,Aircraft
-8.225471582382873,5.090504955532824,4267.2128603972105,882.8257619582068,5545.22767832133,Aircraft
52.107527539391576,3.33475015050014,2414.1077040555115,1425.2935370123898,5644.738752609212,Drone
57.83995778666925,2.8654548243342517,4793.9682611340795,620.7922140993147,5250.262379508479,Drone
21.81062474949543,3.002279823085091,1877.4707434620382,140.51848155911907,9011.97999889086,Aircraft
55.59941053165773,4.028614482577287,3079.9446375433727,-5.895109402630425,2252.7730855693612,Aircraft
5.781382313136522,0.4648229192046718,1115.548750255024,1350.509841790037,11007.187200400127,Drone
49.2719117512915,0.7495574853483055,3590.0177767007813,937.3704396637286,2363.334529830317,Missile
99.84322074998458,2.7877050421000424,4723.656772058972,1056.3177665720884,4675.735468533835,Drone
67.88857773781342,2.9407204547281123,3731.5323040573926,318.23511865464974,7994.690609499129,Missile
40.98992197279931,2.012904361008434,2707.9179844614055,530.7847070277985,12199.682012771817,Aircraft
44.84368423612591,2.744122470063286,3185.181530622373,26.13296906269906,9521.666150895646,Aircraft
73.73168025369226,5.20614917213255,888.2759123216699,1479.5814593743733,8821.466918441269,Missile
44.60630061816622,1.3506538255494351,4756.842227288234,967.4294105477165,3164.549570477188,Aircraft
51.49932093214083,2.5598162017666484,2647.7385835724094,1554.701301997456,8145.266378550871,Missile
37.52277365208726,3.5903184253383045,2508.4504737987177,518.3081923762065,983.9678346011558,Aircraft
20.52965672111659,3.9583549137513874,3144.0080742035593,951.5024184214633,4635.852122064118,Missile
56.88605841220787,1.1414224518794769,2735.625435693014,1105.7139924567061,5397.607244299712,Aircraft
73.91520925186089,3.910902246966318,818.8398041910375,587.8600950785149,-924.2484642278259,Aircraft
77.65834179214713,5.156507303192541,3364.859163286059,1240.2820666085868,4101.398107141355,Drone
72.67281421052672,4.0673816046112155,1440.7557146999516,1366.2489140874218,13860.426997805855,Aircraft
115.45811340746648,3.7761680080521636,4145.876447320298,1338.5099350670816,13535.85554387412,Aircraft
45.08807795009716,3.2888706062651103,3824.454506445109,1181.9616438269463,5295.174368228473,Aircraft
55.07555193946363,3.9565628858890562,4361.774840010734,462.05801350692263,1033.368128012219,Drone
92.51141445102203,4.599129026608931,2902.5654742359584,347.95350729979623,4443.0729417578605,Aircraft
37.023383511256085,3.025519499196993,2756.83646484963,1390.674753570196,4734.538386509177,Aircraft
60.00970899008266,0.5422350843332437,1380.0533948428663,59.734418655146975,15149.422334381941,Drone
7.5098068616017315,4.784095500160373,4091.073065184777,1082.9758688983013,2982.347295516113,Aircraft
35.88846476134012,3.0076096957363196,1892.5261111760738,1212.1348880804167,10853.111879155002,Drone
94.23834112758918,1.661108204662761,3025.584800840618,855.8806784092765,1881.9586003517368,Drone
79.03756433319089,2.168292472501236,1679.8409032188283,1521.0490737544667,14354.631303659931,Missile
91.41307487504918,4.268296269690966,918.556613146294,606.4630994403818,5934.636701061102,Missile
42.1510801950002,0.9214049177373471,3007.464478045475,701.9606846798056,12858.299440319575,Missile
12.736626160214264,2.898120414869012,496.87099770938073,136.15431464962825,5689.092119990914,Drone
9.165525810828328,1.8597801039356012,4753.631881160518,726.4573596788333,9859.152968253004,Aircraft
49.10958112335222,5.071628047210333,2302.544452896061,468.403588044435,2616.7922066628335,Drone
44.73169288904539,5.012210498455452,95.28380865777751,561.5944393663145,1088.4678555852738,Drone
103.48958654577046,0.68324609658183,2403.3437395444635,1253.2099317839088,13910.381111132829,Missile
41.58684901916267,4.780669228111881,855.3934068897615,1436.9708218798721,14738.230964667191,Missile
67.841557280026,3.5900453362952116,1906.9424494074378,142.05572844214117,12101.55292390023,Aircraft
99.5544844610948,4.030838875961862,3846.0593441459323,637.8828150569097,8574.886912940887,Aircraft
77.58105665760559,3.570107531577917,705.616559232287,1405.346768323659,12244.2105361098,Aircraft
56.174537898777814,2.9301445784192484,4239.38693760114,124.04902522489424,340.92653210167623,Drone
74.92470141402924,3.2864668112242077,615.5535092114312,327.2031194618679,4454.337966478949,Missile
53.00348445785047,4.599931466401748,1636.4753132965593,238.8015530336939,4435.297693499087,Missile
56.368007390340416,3.7538362075328244,3168.2781408600613,884.8432902494163,8478.621373741818,Missile
50.19122902203153,2.5342881374341752,1854.2757846093223,407.5935241130277,4624.473347739449,Drone
82.88221525907768,3.4937260907659375,703.0938160189669,1395.4664617640735,2875.493379920691,Aircraft
15.69729590717263,4.027115879524154,2173.616060274479,659.2279947192968,7941.463597877029,Missile
28.431626884737287,2.954906973018803,2612.347489511388,766.9092628675818,10956.022710373445,Aircraft
28.297237895121107,4.8094314394375495,4402.448059364788,466.5064066669079,5289.620083826485,Missile
-2.3942217043317733,2.6878472213427704,1816.0067232814247,747.4385415450954,2656.368256975254,Drone
68.21406538929489,4.145000925186649,4326.736573585208,919.2909930230084,2873.116693563552,Missile
87.4415901607426,3.7160115189738363,4658.23101781107,1101.9550491644586,3266.8363845313265,Drone
60.49688789890514,3.3870834276993786,2578.2067352299355,1100.593909604519,4603.961173631075,Aircraft
25.066982806789934,0.4967809069258573,4776.799325309465,882.5366402408149,8281.080604256285,Missile
59.605779005327484,1.9998930022572008,2814.89431228323,1391.1307298451811,9449.852242632038,Drone
63.091467242870316,3.26975813592332,4499.0863436077125,1264.5157815060165,10778.337962471798,Aircraft
25.759754388160793,2.663980053813457,1043.8924834085146,1023.3989435296187,5173.832790242969,Missile
43.03356105800315,2.775074241937292,3313.672360270131,205.1038755659278,13182.30462244881,Drone
54.8180575782551,3.1976926592840256,2888.816975958853,77.65286443825515,2238.909272058397,Missile
54.59241617995184,2.327073630612827,1968.8136711045834,454.96579526500926,7991.034332623349,Drone
76.93128340512857,3.2614849668495918,3221.993410287179,1043.2030940848529,12157.581883443512,Aircraft
-1.914433281804044,3.249040812517614,3578.8299380831186,723.3289659211948,2515.1217793134883,Aircraft
65.40634373000236,1.59595318209148,812.3797292298036,666.1472477855109,1721.0614864430165,Aircraft
77.15775549333455,2.1894951482883536,1526.8252325451183,1426.8867908671323,13181.079305902294,Missile
64.09134670111514,3.461293230894694,3334.992014920519,1385.1236743124105,6185.878292246192,Missile
103.25955205424849,4.269792766805619,3515.214594401884,1361.450065626696,9428.321559167765,Aircraft
97.67760719645426,3.8172743561445905,4634.339816654296,664.1936413780713,-132.32118778459528,Drone
48.25030514178633,2.261526516708678,3547.118582925923,1114.263527031522,11210.740950958781,Missile
-1.9676136779402924,2.068658238094696,4713.37206966371,484.03022231814487,4333.481593902773,Missile
52.19988775546972,5.174307170594114,3568.887420369885,237.04294880026868,1650.9651803181553,Drone
12.748626177894565,2.8419844080702936,2569.2498847811507,227.53552993123776,10545.758933473911,Missile
67.25341225503956,2.6341735862495264,1104.030097737063,566.5461340021411,3366.540837936974,Aircraft
102.98330462103345,0.4339824576811957,3604.922134825939,683.6250325245184,6408.517767833256,Aircraft
55.15177703276834,2.661510656420048,3229.239295390339,1211.8877184792668,377.7002779971658,Drone
53.85509556367792,3.9645499186136295,1023.2520443986525,233.71087450827673,2896.519079768933,Drone
60.132313490088414,1.848018083609611,2746.7599284153803,1226.8463636856482,4699.399997677486,Drone
47.48746419444211,3.3376430965802597,4329.8041760079,869.2877987930136,1815.8471840745135,Aircraft
42.549426692551464,4.122964575698314,2187.827840154192,387.65015119749745,13154.853686197781,Drone
81.46868601045844,3.3758713973017778,3008.5706647002053,756.7827796725896,-1138.7657890124597,Aircraft
30.612941939816935,4.376193303543326,2676.532476428094,428.56834751700353,7712.118912877844,Drone
82.25714631125314,3.508267485161558,1179.484438460327,887.1798409469444,285.664604191453,Missile
108.23267830560269,4.172307272951332,2319.5709947283085,650.1205915460291,4430.538039427405,Missile
21.42230745066457,4.691093798316555,1373.4353302372315,254.9528263820938,14651.232934428132,Aircraft
65.0346350425741,1.7629413276813506,736.610242822774,131.1859820676226,2662.7670324808328,Drone
35.46200862340747,2.61428217882951,4052.400680183558,833.7729112983153,16049.575679635007,Missile
24.230287907547087,2.8429460493255982,2651.5509854288043,1319.2563636855382,3986.4235392078026,Drone
14.68007015775607,3.995642077867915,3895.6407049861427,343.6772372084853,10626.2163054953,Aircraft
85.14519006444343,4.820179617407464,4352.272153460537,1256.55819718792,8267.341950851096,Aircraft
17.060524483251708,2.1099981974093325,1176.345858326085,1081.2728404578293,13240.836479156163,Drone
47.34819764318132,4.460921774217745,3534.705796467874,1374.4135750039977,7088.75809631975,Missile
125.99129295158828,1.4780082515814272,2356.6642220245108,1241.7398085655961,7312.613232241517,Missile
20.42085636299632,4.530963120124737,4338.275068898616,789.561821100692,2563.71547990527,Drone
102.3965785014,2.524413432347268,1172.088437856975,1121.3948238862163,947.8410922849657,Missile
32.00073560498369,2.328001588722438,3745.500273942296,1485.4705851809683,13793.683126222477,Drone
28.928358852278073,2.238907241049554,3492.419885134251,640.2707986283121,4785.531687143075,Aircraft
102.3009827636647,2.8250212636723635,1758.4704780860234,595.4994685867514,4305.71047789789,Aircraft
60.9109218755742,3.061472154985597,1126.1754649182851,77.94614579640935,11744.742802804853,Drone
117.38448945211816,2.146511890811391,2997.8014977576813,1154.928276856308,5721.168083852597,Missile
89.421962536143,2.726805162024638,3733.7855671934517,1182.594379757423,14467.358038013052,Aircraft
75.84147279237386,2.7311697157349153,1905.2616618225516,210.6940089192565,10835.86921791495,Aircraft
52.04888189153733,3.153126979216791,4187.984645409405,854.6248623303743,9474.849435745442,Missile
48.78348024677877,3.425327489634456,1944.4989765195155,707.4677329215342,13769.514180498165,Aircraft
89.37632956452661,3.1650911342863366,4148.684146397511,215.7302194625736,1085.0508901830437,Missile
60.99340834302428,1.7371535580743829,1695.5263690629815,1466.1624343874669,3270.5443132714017,Missile
88.33335372268084,3.2426304246545934,4590.1584332098255,364.9671311566892,7250.321992300503,Aircraft
49.296634619641544,1.8702578710887556,2320.929329353649,73.24720648355162,4438.364758786046,Missile
48.644945426921964,1.5573449287199352,2266.668586684747,862.3375698388134,10706.88404391268,Missile
91.42311832261991,3.46769432758965,878.1615430619527,1031.4357832438996,15474.55113400645,Missile
49.92979823424023,1.4515226864518325,985.8687595404801,165.49008524645512,5993.670039782452,Aircraft
74.43042066763365,2.454966405519289,3188.449226931065,857.7452902253594,5223.701352339343,Aircraft
94.3759879125304,4.96694802951834,2033.1078154191368,902.5745441617937,13889.117432044668,Missile
63.47830836925881,1.2018833639310373,4071.9578295910105,296.7787206772192,6906.917917866566,Drone
88.46654214228538,4.121259843093462,170.34609056766215,279.00698048344145,5993.0438125861,Aircraft
96.57514081009391,3.091172371151171,2145.0290278050156,691.3431349604058,4902.749658841012,Missile
40.75874182510817,5.550525129653891,1778.043391141623,454.4268002565578,12778.575287602007,Drone
99.09193372279188,2.632048367977065,567.9169667445981,1406.064915254191,8685.707379213409,Aircraft
59.36770412394886,4.506581262336259,1430.8892359075378,1166.4314573568497,12251.959249413632,Missile
61.20218328587946,3.1839692441514056,2224.2015406078217,1440.1071618782346,12712.725053119848,Drone
52.04824136943773,0.541058828908187,2705.0436156200376,533.6363803985348,3296.223235880033,Drone
94.7571735871427,3.7596569995812112,2336.7106830894295,1502.6441689181886,8195.701259015967,Drone
55.20981685666365,3.9802855150147662,3143.7488175160074,610.5696231912918,12978.453391150038,Aircraft
1.715783481119228,4.237822852508419,2504.025736880185,442.07031133326393,4891.305427575172,Drone
76.21471000741715,3.9515233295982855,362.64710664567133,100.11560187287822,12055.335823625337,Drone
43.100226942884234,4.677637612504619,2651.8133252246093,111.56764934189313,14261.737464361267,Missile
44.95176369938336,2.1106205978780292,5195.770270922207,1088.1502642380813,8852.355585152054,Drone
106.22746782465376,1.6669458780400523,2688.0745263311073,676.5248720496043,11308.579916906805,Drone
96.4733473969614,3.854609616436659,2985.974391752727,414.26132802768353,11609.972119316664,Drone
66.32137314229907,2.311681319591052,2089.3007944158153,1075.7177269758033,12367.601174407955,Missile
84.62123406322391,4.969353319686952,3792.3524850397425,473.7293430337596,5437.271425462193,Missile
48.13497083500497,3.657906717419321,3621.2466707154094,884.1998482862588,-282.31149006934936,Missile
44.89867338995992,2.5021512228933607,2658.528597529658,558.0321501511703,6204.625617599726,Missile
39.359034299017644,3.3047325352387276,4836.704597459706,1219.1836091945465,10607.207372996008,Aircraft
67.28403307467833,3.4218701337515447,883.5525670704764,1322.6542969834802,7222.127624994911,Drone
75.55238050298482,1.6248026628251484,-85.40532512660627,698.2461360608906,11915.491149928126,Drone
86.65833007257358,4.650192768815954,4234.831811973071,561.8532981657713,5678.510367094987,Drone
75.98822209861216,2.82066026195277,4514.662430525588,579.295558142363,9131.507303876519,Missile
46.13283012749804,3.915640666657373,1236.3891284444446,1183.1611687221086,3549.3861838691723,Aircraft
46.13451484291396,1.7245722464420372,1353.8170471862823,429.7876617046503,10179.59057413631,Drone
21.801626138911157,3.939742326699531,518.5381749655746,375.7443071281635,7510.332829304101,Aircraft
57.36634471178622,3.583860604318273,1817.9323539437037,168.52781768931806,2369.1993322057533,Drone
77.02710837517616,3.633306912551855,4158.776749502595,761.7218581429521,5313.521332428777,Missile
93.9646562683376,1.503176472746474,3031.32452132203,711.7395219830291,12008.500569181362,Missile
63.55086909619582,4.41829657061864,1846.1780296237475,1354.7751210011288,7680.602600992654,Drone
7.081955718653891,5.781105664599565,2197.425494002555,309.42194516196366,4176.4123540262135,Missile
35.44508855226575,1.774115577895301,643.275437104179,722.2801667004323,13808.914510587845,Drone
94.26531247174934,0.7006877088111979,2285.8490706875914,1099.8537657078737,11034.238891160416,Aircraft
70.69170490443226,1.8695108126862265,3620.416299318104,1274.688140104994,14261.169462136431,Drone
44.07201971580349,3.4836191870055453,5120.592003386263,640.9662079460775,7141.370858977045,Aircraft
18.969217737694212,1.9075074621452979,4336.9217098063555,660.0408390098255,7086.815690264877,Drone
97.21774211951329,3.7799848248615753,1029.3150844659322,519.4721173817311,13171.578410428721,Aircraft
60.30451236342424,1.5530586542961557,4666.451559824627,1491.7708805912137,8355.961984505024,Missile
80.30622633663361,2.5002506860091462,3766.066486791746,66.85614157050694,11339.391121147428,Aircraft
69.81684035150812,3.6102915721430024,4432.7035471069685,1439.1287998764885,3322.699718805955,Drone
48.3086696081175,3.120417211282024,2770.3518972777797,867.0773977381422,6707.363846587444,Aircraft
50.480599312776036,5.4477583528568765,2158.110611956718,753.1830851491356,1092.650493660969,Drone
91.088265872795,1.2409185508280423,1719.2728895295938,211.39728368058516,1170.6537205723776,Drone
43.63886140405177,4.139752274913633,884.5995288368745,698.8897358044683,274.42459261868635,Missile
45.424602632443666,2.4355923981084264,1666.0145743019216,559.0631547453337,1172.173554568743,Drone
64.85720771508605,3.229965796323711,1668.9040370904727,269.911636335,14871.182412605627,Drone
82.00010699344573,4.301148301441843,2771.7394157287727,1146.5473687474012,2151.4206833342646,Aircraft
83.81797360454864,3.114937513866262,4373.487042058036,1329.9510583795925,9702.650027548449,Aircraft
68.75329134415341,5.725211456131276,2953.6071734612256,791.5820822288074,10827.907304073347,Missile
49.58049353167154,1.1384027462366673,817.4906998917301,1191.2124686662953,9400.601728748155,Aircraft
30.193278323941314,1.982079056333467,5092.447278677162,279.29232026836564,1513.0093855564785,Missile
105.4292606664061,4.154456387895903,4432.502264865244,648.3769582343225,11953.257803876797,Drone
49.697029367782534,4.600276241782222,4152.731059151881,131.98611431165403,9800.441725431105,Aircraft
68.70259671690687,1.940216478578927,5503.767461958925,1085.2630066545812,10275.161499247039,Aircraft
89.29851814419625,1.0731557186732081,2884.756728983471,1522.4100968329678,10662.996719556402,Aircraft
28.153842939705612,1.3290392742643093,4578.167397553701,1057.1040012272322,14913.910651611774,Drone
69.53230072576778,4.364537650672481,644.5960161974602,104.49625563029181,7970.633642651521,Aircraft
4.0674612579590494,2.3274286302344067,1818.673455973454,560.8339433697075,5272.440292816533,Drone
63.228997552290856,1.1620688225564715,1278.7871335921352,837.2366945160966,9375.859825167998,Drone
27.001045177742828,1.1690479155055042,1270.0964490272065,657.8108377163062,-305.16016385737726,Drone
36.89220226156799,1.6725231782223142,711.9431642634497,1360.3539158581934,11686.845627692068,Aircraft
33.73962940078566,1.9429106853658764,3305.5468872318656,1292.8321497091026,2060.12446773481,Aircraft
108.7663262679485,4.2736685244404296,4286.631502998867,861.7386537607381,4535.612087434192,Aircraft
70.11749057746412,1.1973358013926296,2830.0159433475465,687.8687719437903,11812.134317797896,Missile
58.704546882745504,4.083250825056439,1617.1173702394742,442.15699175762484,9556.645508402635,Drone
87.62669598159188,1.9838848418209591,4303.294591258898,251.61236711916166,6903.923073439843,Missile
41.65748957449251,3.9733624702437758,3670.9703579239954,667.2595012050056,6936.155547598372,Drone
33.2961599929511,3.8711691563124315,2049.395311415839,571.2895324852448,12560.277193184598,Missile
107.3231782217701,3.7703677641031264,3789.943898032268,1027.4354508914541,5566.1797787835,Aircraft
59.19523080140404,3.8144694870530422,1341.9922364741537,967.1299266363364,11972.231847941692,Missile
88.49660874900675,2.648100931419394,2320.4391884748998,41.90664270424067,1591.7254653508608,Drone
8.487024378621877,2.464714783851912,4680.238096032016,647.3957058075232,12115.805491866322,Drone
104.66153948240718,4.378680085589759,1973.245641516827,489.38831607608444,13272.643899249675,Drone
15.16944729183152,3.084294839785204,2262.268825023259,148.57298059396555,1259.6808652743755,Missile
100.78542636217836,4.121869483069149,4237.114165599084,1247.3284743455436,5903.079116498634,Aircraft
65.25993403967348,2.773280691290903,3863.914541679889,155.61506969380756,1863.3360402296953,Missile
76.70102196458555,2.6411590131574645,495.4101164739022,666.4306441740086,10708.311085541214,Aircraft
49.11630319878283,3.218664268802359,1301.8255868851033,285.9763371853495,8461.277407933072,Missile
91.24650784853849,2.2021303520172113,125.145816535552,1234.0836672925798,10763.686191910769,Missile
88.35237249226213,3.152973303272255,3593.6003198312355,874.0038162546124,2631.6834233530876,Drone
56.03230413457214,5.497513321063578,2144.7734199163297,332.5284443553148,2856.9553459336794,Aircraft
74.63987191169457,2.82980655002269,1269.9268103640968,625.2250470427471,1638.0477652006025,Aircraft
80.67674696857475,4.680459680791496,4998.3928248492675,1194.276677005479,5136.067825240617,Drone
66.24144927151431,2.9517099251962007,2674.437212226417,1506.358120322122,9454.316662822135,Missile
100.35771448822032,3.6627999816426495,1763.1277936334193,373.262974535433,13114.212620968068,Missile
64.09093654143727,1.4395093458179935,2830.8487491962505,1350.9987977619496,9111.525672163725,Missile
80.1181821712023,1.6801076767047227,3396.638940450164,1479.9432264329503,5520.902534834051,Aircraft
2.945922007098723,3.85240957389002,540.5100756581778,1394.513565545962,13060.27990522551,Missile
31.513104568249638,1.8000134802345942,1147.37946021374,1034.6320462830613,11346.394956386674,Missile
95.53601413301774,5.179306800197342,4236.239723167879,942.4161948691566,14910.3389811216,Drone
118.13947066404012,4.058679774456281,2099.051085403359,726.4942798167193,9440.550514864373,Drone
48.688370737314465,4.7949546426669505,2988.2003989777195,1163.4319301557803,4632.157960276372,Drone
72.96742709870641,2.3246080906501416,2368.637545117937,833.9599626612625,1817.388488862346,Drone
41.94415119739933,2.6277853756979503,901.2925745249818,943.3809270711847,10454.651220986423,Aircraft
52.875591879622164,2.796199781623197,1155.2603593437423,691.350870381873,982.2820168873731,Aircraft
94.9998587833029,4.534079455419385,2406.1030384343817,1052.43302863794,5291.412877186354,Drone
40.30514664827942,4.8442290903632514,1660.895805622164,1200.8039096696016,8367.961129261592,Aircraft
59.35089731029643,2.6400991111336047,825.4230376937895,205.2562780919549,8595.762657390953,Drone
41.881184113234866,3.444117419651191,4391.27027538804,1183.1116423496849,9358.586819614718,Drone
108.17995695768799,2.655593545454469,5056.146658181079,982.1639693071328,2835.7528081771043,Drone
126.59746944440874,3.4684169940771503,3608.471296023196,1367.9593025200136,6785.140819725416,Missile
