Distance_km,Speed_mps,Signal_db,Frequency_MHz,object_Type
118.61663446573512,137.29458358764083,15.057649959100488,93.1499224343325,Drone
285.7071488588757,329.5930501870338,9.858938871460552,13.446702630230396,Aircraft
222.27824312530748,329.5930501870338,16.98663093799714,73.97255849277308,Aircraft
183.6109604171406,137.29458358764083,21.397502638631792,97.48458932219764,Drone
55.245405728306594,329.5930501870338,23.71519032045242,6.167664275452192,Aircraft
55.23841089749877,8586.613263297015,16.62405962797131,68.53719418203444,Missile
26.844247528777842,8586.613263297015,26.07110336643659,47.34725998880201,Missile
261.19108227473123,329.5930501870338,-2.93609753622471,58.338350282097494,Aircraft
184.32335340553055,8586.613263297015,0.5991245451119269,9.44879231194816,Missile
215.34104756085318,329.5930501870338,30.93675020371351,5.257688234827008,Aircraft
15.969503345782709,137.29458358764083,6.126398892320758,67.01979939454125,Drone
291.2738571269783,137.29458358764083,-8.855308751193988,82.50763355225106,Drone
251.4083658321223,8586.613263297015,-2.310442516598446,78.41951815836376,Missile
71.57834209670008,329.5930501870338,1.1807217248155624,54.8367670587575,Aircraft
62.729240490059176,329.5930501870338,37.86614439472936,10.88681529248164,Aircraft
63.18730785749581,8586.613263297015,18.652071446542465,69.11639993976537,Missile
98.23025045826594,137.29458358764083,36.63653702381274,24.946999471860448,Drone
162.17936517334897,8586.613263297015,18.758167524831247,91.19580157397098,Missile
135.26405540621357,137.29458358764083,13.96772200689259,83.98827059502479,Drone
94.45645065743216,329.5930501870338,5.686384559704802,71.2289137416517,Aircraft
187.43733946949004,137.29458358764083,20.31854722166878,94.93574962728191,Drone
50.45321958909213,8586.613263297015,-3.0400987691235084,4.11076032961602,Missile
94.72194807521326,329.5930501870338,34.913081364635296,73.88384208101544,Aircraft
116.24493455517059,8586.613263297015,31.466620257064186,33.69403515430413,Missile
142.26029542294043,8586.613263297015,5.876572393836852,90.70052268295017,Missile
237.70102880397394,137.29458358764083,37.63987638006471,27.40084446953578,Drone
67.90539682592433,8586.613263297015,31.260038370778403,72.76079343218669,Missile
159.12798713994738,137.29458358764083,23.315344291751984,87.88705494542737,Drone
181.8002249699923,329.5930501870338,-3.91190444373626,5.12402501988556,Aircraft
23.47061968879934,137.29458358764083,13.911701152403612,40.367110379611574,Drone
186.18800705141712,329.5930501870338,15.30537774233754,76.46859417017193,Aircraft
59.451995869314544,137.29458358764083,1.6275679182690048,46.03697006125112,Drone
28.86496196573106,8586.613263297015,-6.001730282034902,27.458010349565935,Missile
285.17680580346666,137.29458358764083,28.836181523584635,22.760729533495812,Drone
290.03328959162224,137.29458358764083,-3.898247393780249,14.020308424721414,Drone
244.43523095377373,329.5930501870338,19.714537528088737,85.85582642577194,Aircraft
98.3379930602775,8586.613263297015,36.82245869418303,57.960184921904045,Missile
38.32491306185132,137.29458358764083,33.805259629902125,8.562109554154143,Drone
208.4275776885255,8586.613263297015,3.8876311874630574,38.875452033492905,Missile
137.64422318448436,137.29458358764083,32.57243187756327,37.40563142970588,Drone
45.39108810498586,137.29458358764083,-9.983374693975529,18.992179880236836,Drone
153.60130393226837,8586.613263297015,-9.11560951933714,44.115254921746875,Missile
19.972671123413335,137.29458358764083,20.127658192143247,33.87783717392051,Drone
273.7029166028468,8586.613263297015,8.239910957226474,34.83856684372607,Missile
85.0461946640049,137.29458358764083,9.323042057957355,74.16362922100791,Drone
202.13146246265478,329.5930501870338,18.222054533944124,23.103075165014435,Aircraft
100.39621206592918,8586.613263297015,-0.41087722040697017,64.54413592668018,Missile
160.81972614156513,137.29458358764083,0.587767533273917,57.49431276421255,Drone
168.5459810095511,137.29458358764083,14.230079350943235,57.24115872144886,Drone
63.60779210240284,329.5930501870338,27.712677217193153,66.63772726803582,Aircraft
291.17954205172197,8586.613263297015,20.974887570379384,55.28982158336974,Missile
234.78851877472323,137.29458358764083,4.867752411841945,88.04625636979208,Drone
282.45469305361485,329.5930501870338,11.516858875446061,67.88242910307572,Aircraft
269.49993162401813,137.29458358764083,-1.4667620725000798,55.149361885767426,Drone
183.3909938552147,8586.613263297015,-6.268509283145915,83.14654890847684,Missile
277.3435281567039,137.29458358764083,29.134802037207464,61.0085099284145,Drone
35.66282559505665,137.29458358764083,3.26937045940973,29.82328053073272,Drone
66.8350301015521,137.29458358764083,-1.1116806074375898,21.50239689948055,Drone
23.11591378405604,137.29458358764083,24.58090277846597,16.0804507806052,Drone
104.34579592134666,329.5930501870338,20.9025837143593,90.04606604206406,Aircraft
122.71641400994979,329.5930501870338,21.659481300673203,71.30340774800851,Aircraft
88.69121921442981,8586.613263297015,1.4447302423306816,93.80046537826776,Missile
250.3338776540595,329.5930501870338,1.6322769281340506,60.72588876577936,Aircraft
113.45846474114089,329.5930501870338,1.0401314892819578,47.86668726799634,Aircraft
91.47100780934042,8586.613263297015,-1.3123702168852738,6.9119324081180435,Missile
167.38186411589206,329.5930501870338,22.786183628082817,67.49258587305695,Aircraft
50.86802524268117,329.5930501870338,32.40079426247007,58.63866721705489,Aircraft
242.6371244186715,8586.613263297015,26.215873483833064,99.03068046517453,Missile
31.61968666713354,8586.613263297015,29.604681688027163,24.67671900044206,Missile
296.19721161415004,8586.613263297015,10.239921454259992,53.54299817339675,Missile
233.95098309603065,137.29458358764083,22.703789768599904,65.44477617668919,Drone
67.62754764491,137.29458358764083,7.711812022238725,64.81452629949202,Drone
11.601413965844696,8586.613263297015,16.275231098432002,56.56806075189187,Missile
246.48381425190192,8586.613263297015,14.081742326743118,77.91587302239532,Missile
214.98862971580897,8586.613263297015,-1.1556427428072809,21.293139743154825,Missile
221.4120787318863,137.29458358764083,9.353938016781541,72.83709282716717,Drone
233.66840053892426,137.29458358764083,38.19111377411755,62.35372257187583,Drone
31.472949002886203,329.5930501870338,2.4290128857471043,89.71143606766276,Aircraft
113.95506127783905,329.5930501870338,-3.309813186025564,84.8722494643246,Aircraft
43.60202726228762,8586.613263297015,10.929031081196765,32.19955687412278,Missile
260.2999935039221,137.29458358764083,29.51688679300741,28.347495172540153,Drone
190.7564567799918,137.29458358764083,19.107411488998615,98.18367906139234,Drone
105.96042720726827,137.29458358764083,24.048741361912228,53.1992529106104,Drone
28.431921582946853,8586.613263297015,-0.5152575912661401,90.73567542752924,Missile
100.18487329754204,329.5930501870338,20.947409650386078,17.224221354267737,Aircraft
104.30316338775664,8586.613263297015,6.175019745573689,64.63907256521725,Missile
221.5857917180386,329.5930501870338,31.715168297738373,81.17615854869803,Aircraft
194.8916666930118,329.5930501870338,21.46494030053681,94.79212970905823,Aircraft
267.2916953471347,8586.613263297015,-0.057186111235203896,34.39667396068533,Missile
146.9423282969653,329.5930501870338,-6.769166007795693,72.7731358224812,Aircraft
44.682331322107494,329.5930501870338,-7.868339535648364,54.342487894922286,Aircraft
216.84098829466856,137.29458358764083,8.570428382507036,7.002263680580351,Drone
230.62766409890025,329.5930501870338,3.2925568327156736,69.30997399358539,Aircraft
172.7703872951539,8586.613263297015,22.304506173125404,69.3195592655465,Missile
233.58048218682268,8586.613263297015,14.966691748930913,93.13007367980717,Missile
153.2007229456733,329.5930501870338,3.3009639002690356,50.233932170728266,Aircraft
161.59252052077827,137.29458358764083,-2.538111102491194,23.794841150340954,Drone
133.9868953239794,137.29458358764083,-3.64001186562752,5.411818521419236,Drone
17.371546755787605,329.5930501870338,33.233019607020886,42.14857648190466,Aircraft
41.28851382805829,329.5930501870338,2.1738984202433613,30.88975330767268,Aircraft
19.114463849152934,8586.613263297015,22.58553239554842,76.34774229636368,Missile
194.5590192664963,329.5930501870338,30.534296399313313,36.07250871926362,Aircraft
101.16323451213474,137.29458358764083,20.704065559236803,94.95804843516954,Drone
157.4855004377638,329.5930501870338,32.97826158234729,96.26871009579064,Aircraft
273.194277438567,8586.613263297015,9.619686076423726,62.469950431553094,Missile
82.29474645317373,8586.613263297015,37.81110953244742,92.93736841447341,Missile
129.01104768033264,8586.613263297015,-3.3427497910951534,76.32458010693507,Missile
229.10983017748413,8586.613263297015,-4.892523517123095,55.139104456537495,Missile
76.35146799257052,8586.613263297015,22.93460731037218,18.850485606855035,Missile
32.324173850349965,329.5930501870338,37.14155707066309,46.40119640787016,Aircraft
94.02792134499273,329.5930501870338,30.444173081816402,56.52657187289914,Aircraft
56.75417330366128,329.5930501870338,-6.179157028097428,86.532196492766,Aircraft
279.6123191793462,329.5930501870338,3.968385696735819,48.65200427703083,Aircraft
244.3549100736809,8586.613263297015,36.515944241891184,89.8697925951177,Missile
193.6870893880228,137.29458358764083,2.652921640039228,67.76054892332343,Drone
262.7235711544381,329.5930501870338,29.05852118934596,14.562907242313466,Aircraft
243.0649023007432,137.29458358764083,31.256609796435193,99.50315556318421,Drone
64.1053170769504,329.5930501870338,14.77260517304909,53.19603341463735,Aircraft
268.8421095620935,329.5930501870338,9.317445492415775,39.79397134449881,Aircraft
166.4092501555387,137.29458358764083,12.506221620987983,66.25226268248312,Drone
244.15764499757813,8586.613263297015,1.3482347182682073,11.780438084122869,Missile
269.866476977813,329.5930501870338,34.46954580644221,64.01732602858209,Aircraft
102.22100774184052,329.5930501870338,12.530982836487894,50.325364049428025,Aircraft
41.91505811302626,329.5930501870338,34.12297202280499,41.26073292985973,Aircraft
76.10119713716308,137.29458358764083,-4.715326004686295,95.34898209671101,Drone
133.86125870161433,8586.613263297015,39.413763550006564,52.73143195647327,Missile
247.224282117523,137.29458358764083,12.163654372180915,22.692630467523905,Drone
259.6118691443396,137.29458358764083,-7.608458980294727,46.43738445835257,Drone
12.016117854045305,8586.613263297015,-8.098907588127254,92.0193530526946,Missile
158.11671774749405,137.29458358764083,27.31036287409193,18.43345166172887,Drone
131.0491909131459,8586.613263297015,22.951776710184042,22.181746830135452,Missile
74.41126503651178,329.5930501870338,30.106527906379377,2.2899272079512913,Aircraft
44.76095652676801,8586.613263297015,-4.7316233023597025,2.4048148901809507,Missile
107.90839970705211,329.5930501870338,-8.221456648222583,83.10977106889274,Aircraft
283.44381413463054,137.29458358764083,15.428964472378922,73.48013807745262,Drone
103.72885028601901,137.29458358764083,9.379761574138477,36.14906458874387,Drone
160.44928030557617,329.5930501870338,13.097346833547789,70.1328045655297,Aircraft
213.87549807960158,137.29458358764083,39.5794204435137,40.12538670468705,Drone
115.45258468999525,8586.613263297015,38.53749788353351,95.33678280378493,Missile
291.8168039890786,329.5930501870338,37.11576948365964,96.73821546117745,Aircraft
289.10971553321224,137.29458358764083,29.19213383838369,39.88658380512499,Drone
83.0168657893556,329.5930501870338,7.74206801284452,85.56796872774594,Aircraft
154.2020667087918,8586.613263297015,10.606546513138579,77.53581512804915,Missile
97.25470984686321,8586.613263297015,17.480802185946224,31.689993780007143,Missile
92.6037433694656,137.29458358764083,31.526722820241993,23.97194306120949,Drone
20.69721473281451,8586.613263297015,-6.564358374086612,46.36523038889055,Missile
186.7736568541701,329.5930501870338,11.214844294244408,78.35353522082622,Aircraft
155.77691673636983,8586.613263297015,-5.8691168270365655,96.0566106881458,Missile
24.928837862496913,329.5930501870338,15.73287932867558,76.59432781779068,Aircraft
90.80747462861731,329.5930501870338,34.94504120031177,85.66549151681863,Aircraft
273.3971069303296,8586.613263297015,29.124246228196895,60.70336631088114,Missile
79.47294829342201,137.29458358764083,1.3921208771554987,83.70537525337046,Drone
52.01951290645469,8586.613263297015,38.799542479939625,78.65766494233834,Missile
151.94130048049328,329.5930501870338,23.36751990232142,38.32156865070173,Aircraft
295.8386316920742,329.5930501870338,-9.478615030129847,55.64703990995139,Aircraft
80.19602873833512,8586.613263297015,2.7706742342609765,80.67055907697979,Missile
204.91930874770478,137.29458358764083,3.035664995995827,5.559616684805681,Drone
230.8696884453281,137.29458358764083,-6.537284685707004,80.99984895322716,Drone
78.91488775779591,329.5930501870338,37.99132590379645,18.610924280853318,Aircraft
221.18274109743928,329.5930501870338,13.912764728796187,51.953678095022454,Aircraft
116.65710848858343,137.29458358764083,34.7907298685941,81.01926851603783,Drone
193.36869087213805,8586.613263297015,6.110775172231417,26.12828673751279,Missile
193.72361612065947,329.5930501870338,-3.7383214783586443,25.334936491309147,Aircraft
165.37465838167995,329.5930501870338,13.716805495310695,40.873675447762935,Aircraft
36.18403331577841,137.29458358764083,-4.302168264284142,89.56963696018582,Drone
252.23772372087902,8586.613263297015,14.300775148876998,1.0438353622835805,Missile
103.0262188418034,137.29458358764083,36.01485906097039,90.23692656755156,Drone
64.09036801595772,8586.613263297015,16.038407091710635,16.22689543951917,Missile
21.824791050881537,8586.613263297015,20.824986344754173,99.01855123068073,Missile
181.35895352459013,8586.613263297015,-2.168078151309585,95.52985231080834,Missile
206.4936649342619,329.5930501870338,-7.813218706001526,49.97284376953705,Aircraft
14.810470389078283,137.29458358764083,-4.4596018910096475,51.759304533450184,Drone
158.5069869067915,137.29458358764083,19.926578784218282,48.67338468730957,Drone
75.683774807402,8586.613263297015,-5.249415050384767,63.908920920292736,Missile
197.10010921874047,329.5930501870338,8.799644497065572,9.981448521258173,Aircraft
60.56626441144752,329.5930501870338,17.504597022907802,4.229176885815084,Aircraft
210.37194404971513,137.29458358764083,9.43263993149235,6.712589913173987,Drone
122.15325042715585,329.5930501870338,-1.815809926734925,44.99216957490992,Aircraft
281.651696733653,329.5930501870338,3.6895653757053264,28.279245982728856,Aircraft
49.881073802338044,8586.613263297015,36.41587664242885,62.58191667472838,Missile
108.90924180457496,329.5930501870338,23.79911377931777,99.25178664810312,Aircraft
42.90732115977083,8586.613263297015,14.802391933994329,39.245994134570125,Missile
278.1611493007832,137.29458358764083,-9.364255500655323,57.810284156346825,Drone
264.4284124804845,329.5930501870338,39.62077002447351,42.14478569482621,Aircraft
84.80307203739513,137.29458358764083,23.572746744732164,84.87989510446408,Drone
201.39537334991192,137.29458358764083,5.846123867247247,90.32140394276158,Drone
246.99443805835259,329.5930501870338,33.96343299989191,87.85820560832074,Aircraft
171.00823536384408,329.5930501870338,2.9215810145909042,97.4628516292465,Aircraft
163.59866772324187,137.29458358764083,17.20082895913758,3.724399328901114,Drone
80.13716436113098,329.5930501870338,21.803538186491252,84.14180005240758,Aircraft
36.99980266371077,8586.613263297015,1.0531685726864222,75.42544513087023,Missile
270.19256980646475,8586.613263297015,38.91986394002979,23.640746530636115,Missile
271.12123657736583,329.5930501870338,27.409595298949874,95.67568924536523,Aircraft
193.5994226092477,137.29458358764083,17.890661275553498,15.669614894764601,Drone
108.3186394041232,329.5930501870338,-0.9702700912349567,68.27544278625693,Aircraft
111.27077663767166,329.5930501870338,-7.3070896500986935,23.264131464775335,Aircraft
220.52714687236943,137.29458358764083,6.002991626049173,43.70668422863339,Drone
270.1619753862474,137.29458358764083,27.659366795670138,72.19682979751232,Drone
267.255063036884,8586.613263297015,3.4665649151012534,56.76913956127162,Missile
236.1639082987109,137.29458358764083,16.977811024775256,43.32268130148306,Drone
196.18917738474346,8586.613263297015,26.39735883653716,33.30750466226674,Missile
34.40058984856417,137.29458358764083,-4.6028142676767825,84.12630591517024,Drone
56.872327087437995,329.5930501870338,24.264900805793665,15.237620681166558,Aircraft
270.580714672853,8586.613263297015,-5.406455614497765,43.5801847764502,Missile
185.86442730128107,8586.613263297015,38.25648710634983,90.47199960573907,Missile
12.667144968822598,8586.613263297015,14.419706503246978,84.7391054955368,Missile
39.42674743114931,329.5930501870338,-2.466194614506131,40.69323448483162,Aircraft
202.4155130413362,329.5930501870338,7.119181801677325,76.54772799652952,Aircraft
11.46785931540342,329.5930501870338,10.670822464763074,82.49292224017707,Aircraft
56.63433491107461,329.5930501870338,27.909250553826865,88.99985497635934,Aircraft
169.13279891630998,329.5930501870338,27.171189303830467,54.90607113587357,Aircraft
210.64960733088105,8586.613263297015,20.597025266866552,21.241627719416467,Missile
199.06876525575416,329.5930501870338,-4.703464372075352,26.275598573889233,Aircraft
75.03809974356234,8586.613263297015,-2.4215314206163203,30.273772730118818,Missile
216.5319741907854,329.5930501870338,-5.3121539677221685,59.786445600151936,Aircraft
78.80223537407203,137.29458358764083,18.858639164377504,4.248152788732235,Drone
104.36591246618764,8586.613263297015,33.856922075570196,63.96820440921686,Missile
226.482507484227,137.29458358764083,11.69002561273859,37.07106960439497,Drone
198.39354072369224,8586.613263297015,-1.9575913021126894,30.228938446474572,Missile
256.2747890433116,137.29458358764083,17.902116257448352,88.0701605020845,Drone
200.70773876709958,329.5930501870338,30.587610843285496,46.540237162499096,Aircraft
174.80949496728678,329.5930501870338,27.085603075646503,10.410251507736586,Aircraft
37.16568267014682,329.5930501870338,34.072538983751066,82.84793003459845,Aircraft
116.63758288723572,8586.613263297015,3.8951048624433913,5.716484486214154,Missile
86.90868662770038,137.29458358764083,-0.3023066366112577,72.94817319265147,Drone
80.75699657993424,329.5930501870338,33.990824297096935,77.61671595529585,Aircraft
292.17306087820924,137.29458358764083,22.878015638901154,35.907657986956956,Drone
123.99834015336052,137.29458358764083,5.546446500377709,82.65399777150088,Drone
268.69350100136285,329.5930501870338,27.117402528625462,52.05028117978889,Aircraft
193.03020153920625,329.5930501870338,30.755919224018392,46.86607167400688,Aircraft
240.49527802707803,137.29458358764083,20.748912017056618,5.494924865400562,Drone
155.7647570005057,329.5930501870338,24.394205493995756,29.712890171241682,Aircraft
177.30212654164413,329.5930501870338,8.762995222133316,93.16998711764468,Aircraft
152.83013120747054,329.5930501870338,16.934783367151955,39.7905723650665,Aircraft
66.6204664614329,8586.613263297015,16.207958536308112,55.123351535120065,Missile
219.51111342583656,137.29458358764083,32.402389556538594,53.67014621944093,Drone
91.42398510784818,137.29458358764083,31.998199014109126,59.45267789244664,Drone
17.051630265121613,8586.613263297015,31.634023467352158,7.071764608684979,Missile
197.18696581307867,137.29458358764083,-9.44841928687671,36.855449225074096,Drone
61.3620970280442,329.5930501870338,27.47727422344441,72.58969911437286,Aircraft
282.73298946234513,137.29458358764083,27.93381950555024,20.85546485622531,Drone
286.63928733075034,329.5930501870338,23.91894114275709,21.154259377089684,Aircraft
275.31067316393006,8586.613263297015,27.81323289457263,1.998970062213448,Missile
117.34602307407887,329.5930501870338,32.09851857483544,44.31071073421276,Aircraft
14.482418793371554,137.29458358764083,13.515952705089283,88.39070368666879,Drone
279.21238315044036,137.29458358764083,15.102510674422359,6.138193415143592,Drone
134.17340301202114,137.29458358764083,-3.7642971544304764,19.92075224010426,Drone
290.32989752266417,8586.613263297015,9.268794152368091,31.69836929593275,Missile
289.44979335588334,8586.613263297015,22.168258995589213,73.44074891985707,Missile
257.3727420855344,137.29458358764083,29.019988807363724,64.42292368745606,Drone
95.39017870017985,329.5930501870338,0.8604548845605269,42.17844655360365,Aircraft
121.67834129455832,8586.613263297015,-3.10885504203823,76.1478249865792,Missile
256.8296347398885,137.29458358764083,23.15210022502461,61.35347015403329,Drone
101.90738149532052,137.29458358764083,-9.906005823754468,89.70803916606468,Drone
59.15289653896682,8586.613263297015,-1.081370784633508,81.9846481647306,Missile
171.47236611292155,8586.613263297015,-8.546430982802313,26.028547002830855,Missile
281.4848845066265,8586.613263297015,-1.655744107256453,27.87241918578582,Missile
211.84864103574216,329.5930501870338,-0.9340360037247386,13.410291103446177,Aircraft
175.31773932591585,329.5930501870338,9.38367973751971,34.359507846028194,Aircraft
38.18118319352288,137.29458358764083,10.1163562343278,99.95484795319034,Drone
188.35209574275922,8586.613263297015,33.713123530511886,41.16936569289104,Missile
297.11561653023637,329.5930501870338,15.505485624941258,22.828355034221534,Aircraft
50.624364418591966,8586.613263297015,26.170238280614313,76.48580556307975,Missile
160.31559918548365,137.29458358764083,-4.793132103985628,54.70462934280295,Drone
264.43819085910707,329.5930501870338,1.2719377731846926,15.8105435031683,Aircraft
224.8228991487193,329.5930501870338,25.14717204893384,38.688278434925714,Aircraft
212.13456488862772,329.5930501870338,-7.359801976573595,42.032501838394985,Aircraft
213.7203843562617,137.29458358764083,14.329883112187655,75.62914035635264,Drone
114.252433853729,8586.613263297015,19.968448283146692,3.0464655202985416,Missile
95.14163483670308,329.5930501870338,20.107282202624052,27.632945033032737,Aircraft
244.71473508876895,137.29458358764083,-8.853359436597898,52.24203383023668,Drone
244.93288445696243,8586.613263297015,6.105400211459276,27.61582750283149,Missile
261.45097238823007,137.29458358764083,21.8245325524577,63.21497069448089,Drone
274.83976024137667,8586.613263297015,-2.5500131925378273,48.70488044818704,Missile
158.28929566967196,137.29458358764083,24.77078241640266,36.80931523109848,Drone
155.4397254592879,8586.613263297015,27.296260440683724,94.97165406018071,Missile
241.5056019003648,329.5930501870338,39.098459522307266,63.583790419459284,Aircraft
198.4895399255519,8586.613263297015,0.4920997428204714,13.864195854526182,Missile
213.57039440473397,137.29458358764083,31.256533383305758,56.449078046896155,Drone
240.77987413646932,137.29458358764083,16.0148288459327,78.2924534668892,Drone
268.10154912709424,8586.613263297015,8.67312980720867,71.14048005178694,Missile
108.01859548694539,329.5930501870338,-3.8811621337411033,18.03683370023068,Aircraft
118.91905626558376,329.5930501870338,26.77528032437688,97.26957990497023,Aircraft
37.25476255385201,8586.613263297015,1.7928799571843541,45.43255092891399,Missile
177.70124088889045,8586.613263297015,8.571100093652287,16.743475370285868,Missile
20.423259401055205,137.29458358764083,-6.872888655131578,18.839379658686646,Drone
145.02342525841345,329.5930501870338,30.068345790975954,10.725264226718968,Aircraft
167.36694406519723,8586.613263297015,28.32942619858217,80.5482927350585,Missile
93.09696311720248,329.5930501870338,26.680791502115625,13.081018937863016,Aircraft
181.34164556501312,8586.613263297015,4.972175524594334,13.387400457032946,Missile
18.845072482324333,8586.613263297015,-1.3259962867021375,85.19668986132292,Missile
20.83097473727218,329.5930501870338,21.877663223511487,35.1158043603084,Aircraft
248.5541625913009,8586.613263297015,14.808319205660972,4.054932526499172,Missile
114.45528600926623,8586.613263297015,-1.0873766547679207,6.137634652322677,Missile
46.84754866904659,137.29458358764083,24.295563552493185,15.07487422368566,Drone
161.45054541589326,8586.613263297015,39.556321591065185,22.125941449593263,Missile
233.29813039859715,8586.613263297015,27.360979387101885,66.84947322960213,Missile
72.58809797408452,8586.613263297015,26.999319334280592,16.575301720180995,Missile
190.63823798751008,137.29458358764083,37.51563764652958,12.768564726530126,Drone
34.750764848192716,329.5930501870338,0.1468183787451096,76.70719500615164,Aircraft
24.987699138896232,137.29458358764083,18.27749824607202,67.43447310213153,Drone
164.09284315476293,137.29458358764083,38.98233575169417,44.097097924068386,Drone
166.78418526693088,329.5930501870338,-1.7352944514912725,55.381667376530295,Aircraft
194.8546714344799,137.29458358764083,25.012597972226054,31.886418012315428,Drone
220.56648677957185,329.5930501870338,19.2905072985951,48.76754160330071,Aircraft
292.99710304413503,137.29458358764083,19.323954609435347,51.16059224929183,Drone
159.72710100734665,329.5930501870338,24.88353137600376,39.336489846631494,Aircraft
103.65737715296133,8586.613263297015,36.48084614378421,90.75064885654412,Missile
240.60399648292406,137.29458358764083,29.1290969925669,2.5901246331196086,Drone
88.54135286600152,137.29458358764083,-7.193194829189499,78.43495504603337,Drone
137.30171200463445,137.29458358764083,32.636400993785564,13.313900292891107,Drone
32.75235058925713,137.29458358764083,1.277066496286631,79.95718869318274,Drone
17.351715590482677,8586.613263297015,8.845708236818599,61.9752796519954,Missile
289.16804025659826,137.29458358764083,13.086640680619109,84.48453100270383,Drone
252.43423494853968,8586.613263297015,14.045300037653483,10.653918238448849,Missile
211.8325197671724,8586.613263297015,11.759019962767841,56.33908277587763,Missile
128.59635388013828,8586.613263297015,36.86766471079322,50.60770014595751,Missile
60.255352820545276,8586.613263297015,25.300950383201233,70.9131251133725,Missile
55.36674237461495,329.5930501870338,21.558532297835317,53.894764637473905,Aircraft
82.57044046773265,329.5930501870338,-7.507898610852922,54.53272214617731,Aircraft
169.27573276477494,137.29458358764083,35.195666513018736,43.5299984140304,Drone
217.2328175830181,329.5930501870338,35.46950960041981,31.574607976726742,Aircraft
201.45723924814206,329.5930501870338,29.01065317150512,48.744171763967024,Aircraft
91.18083011432343,137.29458358764083,-9.648539809319042,12.730743518071659,Drone
286.9109313923263,137.29458358764083,-7.135987446118833,96.1898205593254,Drone
223.99010584177287,137.29458358764083,1.2611851134244887,71.72666559903323,Drone
170.7626752283062,329.5930501870338,-3.4325295927546655,95.29424455209683,Aircraft
187.39901640796214,329.5930501870338,9.941801485186474,23.44601085066636,Aircraft
131.68401810405908,137.29458358764083,36.13115290438948,88.05476099747628,Drone
81.84198695533567,8586.613263297015,13.603021709849912,81.07020847179031,Missile
113.23207680886586,137.29458358764083,-9.329868678391719,68.03808883330969,Drone
229.77537203466704,8586.613263297015,4.137284478938101,62.877889422435366,Missile
14.174111702629201,8586.613263297015,-7.770254581351923,32.33841686151913,Missile
43.66106574700571,137.29458358764083,-8.185618869324893,81.82466771153804,Drone
23.340766186308297,137.29458358764083,3.785992654777612,50.65003068649364,Drone
21.81135267250134,137.29458358764083,3.78061693394727,8.018266013237252,Drone
258.08356936319205,329.5930501870338,29.356330130080202,31.97345292465787,Aircraft
214.06077922020685,8586.613263297015,38.7417326390556,93.59441275598743,Missile
147.5104104353243,329.5930501870338,8.560354694499914,85.21734579987978,Aircraft
38.371906588790424,329.5930501870338,11.44434394305193,98.20866410957737,Aircraft
152.56860378388137,137.29458358764083,32.23947181430107,63.17134487780571,Drone
147.30681352636404,329.5930501870338,3.406951004775669,25.503497240900785,Aircraft
60.2285422739044,137.29458358764083,-2.1809097798276023,17.118689918009515,Drone
135.81697827901218,8586.613263297015,32.65448117018252,19.5045296202377,Missile
125.5663729752383,137.29458358764083,-7.6749706779967255,2.9597701763781843,Drone
188.59652843514277,329.5930501870338,20.984972009970786,39.67752898760798,Aircraft
194.1771587516167,329.5930501870338,18.099642373340338,19.95134036945471,Aircraft
23.13816283389291,137.29458358764083,7.296022375084714,41.75389058521354,Drone
118.63765824167665,137.29458358764083,5.75947605486795,93.56444875203778,Drone
191.49937555712856,329.5930501870338,28.592886309081067,43.62348074121181,Aircraft
155.90951498822542,8586.613263297015,-5.678769461872676,87.92046520149864,Missile
258.38205394461346,8586.613263297015,1.8392154655692696,60.94497189497177,Missile
201.02115316949406,137.29458358764083,26.62243659190449,25.466023911477798,Drone
57.25098385361461,8586.613263297015,17.41602918632121,36.22962116666193,Missile
30.464936746124653,329.5930501870338,-3.600589573320681,9.308034046321511,Aircraft
196.30159067983152,137.29458358764083,34.106780714103,34.01279676600504,Drone
17.688280057070326,329.5930501870338,9.672392328179576,68.07655360484988,Aircraft
179.87491856930436,329.5930501870338,31.39341876610864,8.138998200014083,Aircraft
282.6667700132377,8586.613263297015,29.385650776385432,21.334739439324906,Missile
176.8875115840049,137.29458358764083,21.2212723235864,38.76266309991784,Drone
122.56927859989135,137.29458358764083,14.724056564754648,98.22290416458029,Drone
196.55358334828242,8586.613263297015,38.97754201908784,78.70132047292914,Missile
142.8933382425398,329.5930501870338,-2.7517463810091485,73.61518790271829,Aircraft
168.22886890162113,329.5930501870338,26.25778637755574,12.50290469601915,Aircraft
283.0247945451923,329.5930501870338,-0.4404649267605496,78.31859346788416,Aircraft
121.96976496222453,329.5930501870338,6.913155266617419,78.7416123400855,Aircraft
288.7452635089351,137.29458358764083,5.434937168659763,60.5091668668085,Drone
272.5516861672585,137.29458358764083,37.35179938693615,99.04581641783882,Drone
66.77942908889597,8586.613263297015,38.36780888941376,33.20013668653064,Missile
30.114777253797982,8586.613263297015,-0.8492277882636419,94.18597237594331,Missile
39.22562039945373,137.29458358764083,-8.898241985124791,91.55838038069386,Drone
15.28432943894942,137.29458358764083,26.000401983155655,2.136585315188406,Drone
37.388458619219236,329.5930501870338,10.899496693524217,45.56153612100629,Aircraft
208.0719642907435,329.5930501870338,-5.557987745621781,97.73331907210576,Aircraft
30.644708053466406,8586.613263297015,24.18770527885213,11.209014878399504,Missile
102.50293278519078,137.29458358764083,17.255276413034984,55.23068474394862,Drone
255.01384018114183,8586.613263297015,39.0258411000553,97.9167931970693,Missile
16.7488613633895,137.29458358764083,1.3704747930689472,55.99404698648016,Drone
246.19585995079137,329.5930501870338,10.198893816327413,19.791714994243442,Aircraft
91.73788468428597,8586.613263297015,17.127290169771147,58.636139779166385,Missile
44.26780001028031,8586.613263297015,29.584999422667586,21.23961682100514,Missile
212.0537779556037,137.29458358764083,17.441932836002934,52.45072202655394,Drone
192.39342556616637,329.5930501870338,20.64500804309746,8.330179573322452,Aircraft
264.46688392284534,8586.613263297015,1.3073525794970369,60.94278425222606,Missile
223.17060270312686,329.5930501870338,32.345936404427995,52.16220397368766,Aircraft
243.0094698116061,8586.613263297015,11.431527348523787,74.27597550738484,Missile
91.79002604567889,329.5930501870338,-2.9520186239115365,63.43934664471972,Aircraft
61.457467696119615,137.29458358764083,23.209395725270866,55.41102058454491,Drone
227.6782779758489,8586.613263297015,0.8045226592653751,69.288106075564,Missile
243.98207438750657,8586.613263297015,-5.121874488035013,15.250249443650855,Missile
297.2464911801953,329.5930501870338,33.099345420213616,59.9406064646018,Aircraft
129.65912630431367,329.5930501870338,13.008113224421983,18.03894967945499,Aircraft
117.88524487990712,8586.613263297015,27.46418563478882,92.62669857733621,Missile
235.15975861517907,137.29458358764083,4.529377990317755,7.765076379714817,Drone
108.83302667337517,329.5930501870338,29.348506745883313,43.607100219388535,Aircraft
279.91962442503376,329.5930501870338,-4.403203648923483,69.88395028788904,Aircraft
258.9396980344734,329.5930501870338,7.798668689742637,46.344198955157616,Aircraft
134.40826793875533,8586.613263297015,38.903090898676425,10.117430070057333,Missile
227.75260965953424,8586.613263297015,29.699485818400305,55.78452259654403,Missile
228.81743348455788,8586.613263297015,14.86279651573441,64.5215589739081,Missile
39.90592196242046,8586.613263297015,6.988873578094253,70.67543878806026,Missile
271.74034293707433,137.29458358764083,33.606785001123825,37.952721631813134,Drone
156.52318800987857,137.29458358764083,17.242387954225784,56.80233713184746,Drone
249.67266517124506,8586.613263297015,27.921250893455557,45.6179610189524,Missile
102.81438429887741,137.29458358764083,27.7053840158082,67.53354783647309,Drone
269.7017362638981,329.5930501870338,-9.102716071575408,58.772139765157036,Aircraft
122.86848683290731,329.5930501870338,-3.687310860369327,53.049865736354356,Aircraft
13.142918929286525,329.5930501870338,22.98146831973711,25.702912316986616,Aircraft
272.56077316158644,8586.613263297015,-1.9190094357064282,1.1998332570751578,Missile
36.47313626797873,329.5930501870338,2.774667232780235,18.2340858558315,Aircraft
102.6009549012203,137.29458358764083,37.33189770998036,12.589538100992696,Drone
285.5179704447334,8586.613263297015,18.009112918745593,45.45938975608373,Missile
285.67607261189124,137.29458358764083,27.53647534996736,61.61355692542262,Drone
176.29698755575296,329.5930501870338,17.899036939131992,22.09541585979601,Aircraft
193.23279152924178,329.5930501870338,17.62568073913626,93.96665250075152,Aircraft
140.04920137371275,329.5930501870338,-5.292404493715105,1.6615307931648902,Aircraft
95.03112379243872,8586.613263297015,7.183159630455151,77.45780050136895,Missile
105.31271815727563,137.29458358764083,4.121544934325586,62.89527218351378,Drone
205.03035226234115,8586.613263297015,9.53641828068066,37.98192530372051,Missile
228.1886135369272,8586.613263297015,29.91720941121641,5.998405496828385,Missile
239.55792268049606,329.5930501870338,8.596633395843241,63.12117060664366,Aircraft
238.98926141042062,8586.613263297015,12.584840961584135,39.175737773699154,Missile
36.44976988412021,8586.613263297015,9.869069524265825,93.69044680190869,Missile
153.38188836374863,329.5930501870338,-5.3296014012352195,54.65701741408682,Aircraft
26.69204040482684,8586.613263297015,12.053607912539185,94.02549961805731,Missile
169.3633758738833,329.5930501870338,-0.21953634777424824,22.827885653857106,Aircraft
138.04384539827933,329.5930501870338,-0.6638352113479264,72.84686512604623,Aircraft
267.43421299990695,329.5930501870338,-5.298194778286682,62.10765306402384,Aircraft
111.76535364010282,329.5930501870338,7.833548707088237,74.20141475329987,Aircraft
43.9494347640057,8586.613263297015,27.87409423947087,22.25211853328114,Missile
51.4675877953224,329.5930501870338,3.8220845291698033,66.83445710753959,Aircraft
230.83808319806695,329.5930501870338,5.6174550942756785,50.30599891263003,Aircraft
189.28323836171572,8586.613263297015,22.133732883621178,74.53967251572531,Missile
39.32557607560917,8586.613263297015,-0.20795937065405568,33.37741977102996,Missile
34.39097377334926,137.29458358764083,34.847896521176715,89.11564552106,Drone
213.28104812314479,8586.613263297015,16.00952616257772,9.345830146523687,Missile
31.10127184561612,8586.613263297015,12.380147016010849,80.91174256032761,Missile
248.3394171942033,137.29458358764083,17.89100959646007,86.27064295569399,Drone
214.8102458753839,8586.613263297015,-1.6982843291902263,81.9079788253153,Missile
33.59114638615093,8586.613263297015,20.673656931958813,51.75991303191583,Missile
34.60293708470566,8586.613263297015,8.15503683170052,44.40011302304537,Missile
296.12547776534086,8586.613263297015,34.85931704823095,99.6299663659628,Missile
118.5385307692749,137.29458358764083,-1.5572896661156932,23.68802317020205,Drone
117.48622264939837,8586.613263297015,15.352555193272053,55.14072062172841,Missile
245.71187450467573,8586.613263297015,19.9056314684509,67.39687701285023,Missile
284.702087441319,137.29458358764083,-8.330819910680939,70.38589595028176,Drone
295.94030850863254,329.5930501870338,8.184656237807012,21.19844190811929,Aircraft
228.47967372509308,137.29458358764083,26.631761735041643,65.74541514164032,Drone
119.11527980396558,329.5930501870338,31.01887537244867,82.0185870816524,Aircraft
34.21520784261394,137.29458358764083,5.658099740864117,5.95183910529011,Drone
235.37260561895667,137.29458358764083,29.929663619137564,91.24060803920634,Drone
171.93723242338348,8586.613263297015,38.38779385516944,3.9209014593753873,Missile
133.02438268162314,329.5930501870338,32.8436968037547,36.24113221635104,Aircraft
272.8427716774734,8586.613263297015,-4.11780059203374,2.565506427063245,Missile
42.24726986878389,329.5930501870338,26.98651660427703,8.637371685418604,Aircraft
152.86128024434916,137.29458358764083,5.983341622027236,91.20566023282782,Drone
13.292556982551531,137.29458358764083,39.420799470603825,36.131222243868635,Drone
145.91158617829663,329.5930501870338,14.267949157994355,43.05238151208024,Aircraft
26.327949947732833,8586.613263297015,-3.8783050820529485,22.31909375687271,Missile
44.45719571774086,8586.613263297015,26.259277401369538,60.11248124848526,Missile
44.082611565360416,8586.613263297015,6.150559919310691,59.885518253101175,Missile
198.27098761365843,8586.613263297015,39.85390785408308,37.847838790696706,Missile
226.35301498697277,137.29458358764083,38.989122892726094,33.97045230873444,Drone
179.17694187817628,137.29458358764083,22.806700901029032,88.6114665098782,Drone
289.03003905761716,137.29458358764083,-3.508677552414121,38.945139724577935,Drone
118.71246806187418,137.29458358764083,24.343049883751455,49.85659822328642,Drone
92.85650502173961,137.29458358764083,-5.34847567699864,29.047171480068133,Drone
261.8937471749435,8586.613263297015,-8.531792044880383,78.89018083235561,Missile
74.84279317064127,8586.613263297015,31.147922311074304,40.34736753301007,Missile
289.3345364377773,8586.613263297015,0.4876473841840685,51.84749360788813,Missile
13.524797660046739,8586.613263297015,8.951356310954871,26.08235983590648,Missile
291.26485974521535,137.29458358764083,38.67286949880866,98.77829964178393,Drone
22.516374465667074,137.29458358764083,6.842025093055163,29.858078351448565,Drone
268.4315029724406,137.29458358764083,4.824489064165764,77.30351055964961,Drone
163.03332163502697,329.5930501870338,35.91039998113876,43.32206938531916,Aircraft
297.9597908745971,8586.613263297015,-4.462577734052094,21.41552310332985,Missile
31.40100377326567,8586.613263297015,27.979120505731586,80.17215763252126,Missile
170.61774247638303,137.29458358764083,39.4032783326387,34.02707211387527,Drone
291.0977353295387,8586.613263297015,35.06480053873244,86.6541413923833,Missile
161.69837480934316,8586.613263297015,22.5833959353213,91.61046130686448,Missile
192.52560505922614,137.29458358764083,5.7030397496365985,86.12255970373631,Drone
211.76711980553898,329.5930501870338,2.7160990589158356,4.4657835658737595,Aircraft
141.81690878265422,329.5930501870338,30.962755243573056,78.94996115550545,Aircraft
191.99184322437839,329.5930501870338,33.99109569758476,41.72260718341524,Aircraft
179.45115045769907,137.29458358764083,16.27174562728464,87.49856909804028,Drone
271.3358230423868,8586.613263297015,2.2169970393233065,64.15747200578915,Missile
23.179450299022783,137.29458358764083,-4.352839579441322,83.53067028025188,Drone
91.4793249817468,137.29458358764083,-5.641026608408442,50.4437452168167,Drone
285.619330382202,8586.613263297015,25.95387236769278,53.96752495529435,Missile
268.1764973283657,329.5930501870338,11.00593639238625,15.294375581233055,Aircraft
142.14045830785676,329.5930501870338,35.26799371389352,78.61474851024619,Aircraft
189.83845336244565,137.29458358764083,26.983565036338184,42.51957155503019,Drone
90.44054306452848,329.5930501870338,-0.4369791042706659,50.50793170888668,Aircraft
64.55513631989078,137.29458358764083,20.688870940784952,78.72467369547505,Drone
144.47253743259483,137.29458358764083,11.775272719907967,60.28569460786446,Drone
112.47214612755532,8586.613263297015,18.862486538430655,20.908774016824076,Missile
179.2602724367529,8586.613263297015,26.903456166925857,59.43303325593838,Missile
32.543044719845604,8586.613263297015,30.309794050189538,41.35565293998592,Missile
292.57449422318825,137.29458358764083,32.186866320336215,47.483028662342406,Drone
296.0011158990848,8586.613263297015,2.6987437286012366,3.802816165864111,Missile
212.4668970657261,329.5930501870338,-8.444220004132116,21.79290560211188,Aircraft
165.4679462397949,329.5930501870338,26.964736758238658,28.822770056721797,Aircraft
99.76300872303504,137.29458358764083,-4.6828136872112704,71.58304077802177,Drone
246.0005557150151,137.29458358764083,5.745979430648383,2.137754856513416,Drone
208.57204004062498,8586.613263297015,-9.809143293782643,41.468948861684076,Missile
57.15891241001847,137.29458358764083,24.083474120081,92.47866017214756,Drone
274.1688835032143,137.29458358764083,-1.643399426438938,12.076181038363261,Drone
248.535800447719,329.5930501870338,22.76412048458291,52.12601443364249,Aircraft
285.441974854658,329.5930501870338,39.587130858391944,78.86571585669385,Aircraft
220.4586574326244,8586.613263297015,-6.366456419499186,94.31059944449156,Missile
187.89040682137906,137.29458358764083,-6.146099402426966,74.93088731383808,Drone
131.29048052427947,137.29458358764083,7.0190046333337435,72.33598931579621,Drone
280.49126017266383,329.5930501870338,33.3193257125671,82.82232092938048,Aircraft
261.1585279551184,137.29458358764083,0.7764934395665932,45.173920876776826,Drone
23.113414330794928,329.5930501870338,8.018890996517378,80.77860872916547,Aircraft
17.64642260420308,8586.613263297015,-6.574729668651021,1.7884760697996613,Missile
119.17437639463438,329.5930501870338,28.15776456294447,92.53154448230369,Aircraft
245.06046592673155,137.29458358764083,10.415317137972554,44.88734444220036,Drone
296.3100775013339,8586.613263297015,27.96243665304214,55.784638598709016,Missile
53.620898420023174,329.5930501870338,35.18039221733975,26.233342642573348,Aircraft
182.29790745211918,329.5930501870338,1.638157355064438,74.51055245120172,Aircraft
120.45834842299624,8586.613263297015,30.36980151699757,8.586944841049633,Missile
291.2751753662349,8586.613263297015,-7.0453054960873365,87.3909444521367,Missile
254.21448770935552,329.5930501870338,34.942369409012365,82.98356607162793,Aircraft
253.11532436622997,137.29458358764083,22.538427377937367,22.389951508231874,Drone
145.92101634054137,329.5930501870338,33.71133620691758,81.12311543024097,Aircraft
130.2976556779229,8586.613263297015,-9.990580022170905,78.84941557308667,Missile
89.28805085990481,329.5930501870338,-1.5459464822003746,63.58944317764095,Aircraft
26.348894028768864,8586.613263297015,9.487969371324603,37.978497513069065,Missile
260.7694891139654,8586.613263297015,8.975145168735928,27.878376664004918,Missile
245.7412926477225,137.29458358764083,1.336519146175533,23.946575438645652,Drone
299.91812525297786,8586.613263297015,9.080596993360004,32.542287313597114,Missile
299.0246827514326,8586.613263297015,-3.5575643999872586,90.45228589982051,Missile
171.07519462476196,137.29458358764083,10.638056463301304,8.686436822889346,Drone
233.00635040234803,8586.613263297015,30.117716457963212,83.0582563490429,Missile
283.9820616659041,137.29458358764083,13.95350315516756,35.54011742914053,Drone
256.39774329644933,137.29458358764083,-9.099995552739252,52.63834020512446,Drone
81.73094950552732,8586.613263297015,11.07220207896237,79.65407773120057,Missile
140.65779923992713,8586.613263297015,-8.641249195457792,88.55327815527416,Missile
47.456230393933545,329.5930501870338,38.31217053533991,35.13336058719205,Aircraft
286.6747979050295,137.29458358764083,-3.627302028856551,46.72250464623592,Drone
185.7906439907552,329.5930501870338,25.384416316530938,42.03709041686243,Aircraft
76.30641359600419,8586.613263297015,38.63881614460429,2.311852316887144,Missile
204.79319847769844,329.5930501870338,31.301952583328593,30.298345997007004,Aircraft
189.25718973278978,137.29458358764083,24.965768756310183,46.45973413952362,Drone
113.86718822952375,329.5930501870338,31.973045475038347,41.69826727916354,Aircraft
42.93170173789242,137.29458358764083,39.08993466303138,72.47099352405226,Drone
204.75622672191187,8586.613263297015,21.06722486267648,39.09555810488922,Missile
160.88923326210005,8586.613263297015,17.959240341466323,49.44826844809635,Missile
233.97233360333541,137.29458358764083,21.41190552316407,43.53125062110397,Drone
160.84741532247807,8586.613263297015,16.63379433807775,74.32198874054268,Missile
257.13263509237663,8586.613263297015,21.75445529548594,86.43426749970929,Missile
170.0529832446008,8586.613263297015,12.492110398627961,53.6570188217439,Missile
172.672011745262,8586.613263297015,0.9221591441653558,79.15378722532392,Missile
264.22954477092003,137.29458358764083,-3.9876386744162184,30.38188151996521,Drone
127.01003120159514,329.5930501870338,-6.58295322338698,54.5955914055696,Aircraft
48.864416250685814,329.5930501870338,3.1657891876600033,35.17776541332727,Aircraft
18.346976130868303,8586.613263297015,-7.693821783213308,42.0058916316112,Missile
228.98980414534952,329.5930501870338,18.35853899596928,73.50897261645419,Aircraft
189.88976989250475,329.5930501870338,4.191422351176014,88.28458575093856,Aircraft
214.18313274877482,8586.613263297015,31.22674040435161,13.028043717688776,Missile
71.75960683758412,8586.613263297015,-6.287956350580678,63.82928639225067,Missile
49.54772792016323,329.5930501870338,1.3175747170742973,58.63223695020205,Aircraft
14.21795304368576,137.29458358764083,26.512307354507293,12.723088878417256,Drone
111.67039205391312,8586.613263297015,19.94041481917457,21.977538713570798,Missile
181.0761291878436,137.29458358764083,-6.775436437541623,31.789246978535346,Drone
123.75077307892238,329.5930501870338,33.86197285811002,17.526176010932645,Aircraft
136.86772738688143,8586.613263297015,33.86308814130898,25.129218769909837,Missile
272.20602140318704,137.29458358764083,6.520400193788692,27.492479087309043,Drone
110.9940854367571,8586.613263297015,7.020292167478235,34.2317094708669,Missile
159.05695185634514,329.5930501870338,39.45141791750869,75.18965482731474,Aircraft
237.2593736949315,137.29458358764083,21.30880857965691,57.61930818120947,Drone
124.99740687316834,329.5930501870338,16.565826028402956,98.63842052318874,Aircraft
190.40514306608333,329.5930501870338,31.90760917759622,42.05884686977963,Aircraft
260.0854755365561,8586.613263297015,4.264516917865821,75.63264230985558,Missile
285.3609808607162,137.29458358764083,11.459129669817845,87.27537371627685,Drone
52.651309469421,329.5930501870338,3.3888337744167085,68.21887081076615,Aircraft
278.7104112968334,329.5930501870338,29.458042329436573,41.774609301332106,Aircraft
152.71372499306608,137.29458358764083,18.6674672817609,75.60586844382954,Drone
84.89087260669793,329.5930501870338,22.941253507003523,21.1630466394958,Aircraft
143.1493693090958,329.5930501870338,2.615362491970327,33.42766435283311,Aircraft
294.20944683278833,137.29458358764083,1.0112650688657556,55.12184025482959,Drone
152.8592472579322,137.29458358764083,14.418731449146936,57.96552934132868,Drone
105.33796698337738,137.29458358764083,26.878287454641338,3.192006071790316,Drone
193.6862477518505,137.29458358764083,16.261987876008007,94.56630468684486,Drone
79.642229445676,8586.613263297015,-8.367716122716569,69.96609985052162,Missile
32.00036515151254,137.29458358764083,33.42757531601444,50.07467127295722,Drone
47.37511935408828,8586.613263297015,-6.765655324243421,93.37959620642253,Missile
47.13329329775401,8586.613263297015,37.79122418603761,44.47046095983202,Missile
54.05178111856536,8586.613263297015,-8.742902086136365,98.06312145676681,Missile
50.25988006832894,329.5930501870338,24.722522806535437,51.71619096710503,Aircraft
195.85367599293224,8586.613263297015,-5.889646814410917,12.314291229799966,Missile
62.745224475751996,8586.613263297015,35.53382897175698,76.71529627346845,Missile
110.24351216392033,329.5930501870338,13.221661811277137,68.21087478270621,Aircraft
270.0686388727434,329.5930501870338,-3.123811259149231,77.52568540925309,Aircraft
147.44887567623297,329.5930501870338,7.04078498949233,95.19276084384242,Aircraft
203.59174417109787,137.29458358764083,-1.7587662326618982,77.8724409624508,Drone
59.97276264847265,329.5930501870338,-1.4709044221454999,61.52232361944804,Aircraft
65.76381545451453,329.5930501870338,37.40541600857211,85.87358133372325,Aircraft
21.85189871727887,8586.613263297015,12.26230561423941,67.65139749609862,Missile
58.99116829092772,329.5930501870338,29.440113195267976,41.40378662576639,Aircraft
90.791198319268,137.29458358764083,21.980278058884092,88.67635665993555,Drone
61.333040440256575,329.5930501870338,23.821318116919613,22.968145617652915,Aircraft
35.72373478954613,137.29458358764083,-3.4153280763980742,71.7494862159637,Drone
44.98440261917423,329.5930501870338,1.709222340774284,88.27478203913493,Aircraft
143.62584272949047,329.5930501870338,29.337516757721843,73.40033545062633,Aircraft
69.83677833767983,329.5930501870338,38.53831032373915,70.03026648633184,Aircraft
115.63825970394188,329.5930501870338,3.1337821299325856,75.51119111311176,Aircraft
155.9910085479085,137.29458358764083,3.5784382375519925,47.040469581763794,Drone
210.21450030251594,137.29458358764083,13.644856640545242,87.54289753354557,Drone
21.400520553918692,8586.613263297015,39.19201564277189,21.14021103847303,Missile
241.82901568362237,137.29458358764083,3.447947291323553,13.61125518403359,Drone
192.09111295236326,329.5930501870338,10.348595481713193,29.265369231732645,Aircraft
33.71011926517285,8586.613263297015,34.574000781175336,53.62616228072432,Missile
263.33780099096543,8586.613263297015,-9.8539483689319,51.545617745524474,Missile
277.0529961542258,8586.613263297015,-8.011701750571522,82.23927700998208,Missile
27.712608357910486,329.5930501870338,20.20358385356096,41.05229698399772,Aircraft
90.29451796268908,137.29458358764083,35.36900823564235,48.95009820285936,Drone
243.79837113998778,329.5930501870338,1.9428330200963835,2.323400642680168,Aircraft
226.99531021126091,8586.613263297015,13.48208873403545,41.564184407850966,Missile
63.511095613349426,329.5930501870338,12.523265082890916,65.12964906208387,Aircraft
70.71130376764599,329.5930501870338,13.648567304775508,2.5353247320326258,Aircraft
117.43690980950078,137.29458358764083,21.12598478648726,28.807314553438133,Drone
150.51166570539618,137.29458358764083,13.487188149534187,21.587679569649605,Drone
189.29388374378584,8586.613263297015,12.37340706612289,5.156557462049235,Missile
116.984955475234,329.5930501870338,13.714421021563027,48.446748901539216,Aircraft
144.1350676786129,329.5930501870338,19.543372063552077,18.990606029587493,Aircraft
226.7665720587894,137.29458358764083,16.850374417567917,74.56507242350663,Drone
20.63812883827339,329.5930501870338,32.70679988252522,84.94486049257151,Aircraft
83.20671385976601,329.5930501870338,-7.52515732531667,55.01293308424563,Aircraft
216.87137990652022,329.5930501870338,31.665853573650622,98.18902690959301,Aircraft
269.6099829292878,137.29458358764083,32.1962306305862,45.59737857558894,Drone
158.38645821354316,8586.613263297015,4.245401076548042,51.82345281226664,Missile
164.31291072694154,8586.613263297015,13.142597750792532,98.93255764181727,Missile
41.07988328853506,329.5930501870338,11.926924426871775,23.923295160539833,Aircraft
139.74958637880184,8586.613263297015,0.9254917177065138,94.31204802801362,Missile
164.45900727195672,137.29458358764083,9.839842354315824,5.240917956792211,Drone
80.3164460540716,137.29458358764083,-7.7806113914572785,45.192302136056284,Drone
88.08053697532048,8586.613263297015,3.8911036390867224,7.9303477011735115,Missile
119.41240730034056,8586.613263297015,30.834108772535906,73.19423954845065,Missile
15.820647355540647,329.5930501870338,4.228115088144877,61.232484652121755,Aircraft
103.4029580191217,8586.613263297015,30.910333437412376,70.95679208329204,Missile
71.31992202899795,329.5930501870338,16.579973230221544,38.07355959683368,Aircraft
104.97423213159524,329.5930501870338,33.993133868057996,37.57871146910665,Aircraft
44.73101822758285,137.29458358764083,18.73897771322076,5.4866086171285655,Drone
268.25291141456955,137.29458358764083,-8.516588846763009,35.644549013434336,Drone
182.14181153067412,137.29458358764083,23.771010377354457,92.99955182394389,Drone
206.939672551902,137.29458358764083,-7.757321598821568,38.54342718086445,Drone
238.8596591961281,8586.613263297015,12.5298509491567,83.30540291597502,Missile
154.5482376894266,137.29458358764083,36.4713347236557,84.39022497024347,Drone
35.206883545352866,8586.613263297015,-1.739803033107492,37.95087448154415,Missile
165.76089712737885,137.29458358764083,9.493617647077205,63.56687935922272,Drone
180.18392422605496,8586.613263297015,26.493015442423918,10.441788625032805,Missile
226.1774475134557,329.5930501870338,34.11292780474238,11.264179492693373,Aircraft
135.18126840660702,8586.613263297015,23.547150237125393,5.817108702509618,Missile
46.99828781071349,8586.613263297015,2.9086627095584596,58.52049424413584,Missile
92.2950126816301,137.29458358764083,23.73039264581081,43.18102678498361,Drone
115.29386595560418,8586.613263297015,4.836382055204499,55.25520330975977,Missile
197.31599998616434,329.5930501870338,25.921461490936764,52.5862458603304,Aircraft
175.52570835398444,329.5930501870338,37.70165637925203,35.6700961179823,Aircraft
113.26805051037542,137.29458358764083,26.069672555314412,68.06986806752381,Drone
296.0894221499641,329.5930501870338,33.14402514562062,76.09168621072268,Aircraft
185.67469761349727,8586.613263297015,-9.894807841205829,2.4481976288898957,Missile
78.7957696034384,329.5930501870338,25.87860623657972,21.51698767711895,Aircraft
39.516917059917084,137.29458358764083,31.47937784326252,71.61035094025034,Drone
54.329150363456286,8586.613263297015,-7.972063122765929,39.275397090749586,Missile
81.32774123150736,137.29458358764083,33.57988636441153,66.5859107472192,Drone
56.59759824527114,8586.613263297015,2.8347114155022926,35.349303313721286,Missile
64.10443697487867,329.5930501870338,23.264605098902763,39.68476008063407,Aircraft
92.67759892121566,137.29458358764083,30.01774395117033,16.70920849527881,Drone
60.2783426354789,137.29458358764083,23.133225652967774,26.564870946949842,Drone
270.0619731416633,8586.613263297015,-5.3857603963371385,60.935763993251136,Missile
33.26778624187624,137.29458358764083,19.816075943018415,43.883148020201475,Drone
162.10830297537385,8586.613263297015,17.47918283610718,77.65596561151492,Missile
129.01507982700184,8586.613263297015,35.016063403713574,85.40591053889594,Missile
294.88979890349583,8586.613263297015,10.21198648221046,54.62299540345923,Missile
42.49128162873518,8586.613263297015,6.054054854352508,76.06846191354985,Missile
125.37812372326508,329.5930501870338,27.49253822182331,31.38354680626243,Aircraft
291.14642564985695,8586.613263297015,10.633766304169832,42.08215032460774,Missile
260.9970665092543,137.29458358764083,22.30480875025315,71.56498994546627,Drone
246.95090057529117,329.5930501870338,22.322504506230345,39.23498728888604,Aircraft
84.79181984303256,137.29458358764083,34.40195321800589,59.261988580739896,Drone
59.557400343119085,329.5930501870338,19.934620115954868,19.351905129168635,Aircraft
203.906533778085,8586.613263297015,15.107680498099345,60.3773601820793,Missile
279.5190368469999,329.5930501870338,-3.05643368017415,86.28985701546246,Aircraft
171.46123897403965,329.5930501870338,-4.213119666064732,86.99532434251914,Aircraft
175.76767994627096,137.29458358764083,-2.2839217358460306,72.71009622662443,Drone
91.19393716148241,137.29458358764083,-1.4075759336452744,74.82958452853647,Drone
233.1529506256617,8586.613263297015,21.893854633181697,56.234817069919366,Missile
64.24268708168178,329.5930501870338,27.049062513728927,58.88214092641665,Aircraft
103.86697855723067,329.5930501870338,16.499576146320937,14.231407559641282,Aircraft
133.37656719876088,329.5930501870338,31.45088662727455,44.94205965370881,Aircraft
157.20700981849197,8586.613263297015,39.56316133668166,45.626852104750014,Missile
80.29882240037327,8586.613263297015,31.0006314559678,95.89128573110628,Missile
43.302679174369025,8586.613263297015,24.744118683797957,43.677599399705656,Missile
187.07981230807346,8586.613263297015,16.62463497185733,55.38492184537301,Missile
93.70286043967417,8586.613263297015,12.44265358373541,53.79188852863115,Missile
178.55908421255756,137.29458358764083,-5.780380972772883,64.03940998738838,Drone
54.76518742951867,329.5930501870338,9.968437419734546,75.07505030185769,Aircraft
149.53062953789706,329.5930501870338,35.50673183910671,23.27914574091634,Aircraft
164.4509354399599,329.5930501870338,30.401131495327647,53.343717490745135,Aircraft
25.028825678503804,329.5930501870338,0.8025682505843594,82.76585302428701,Aircraft
107.61524067623697,329.5930501870338,13.330389234860792,46.848356669913635,Aircraft
48.98025631230253,329.5930501870338,30.83616012792723,28.56729709098373,Aircraft
28.378741437102647,329.5930501870338,-6.630772260723874,65.81619846027361,Aircraft
297.0884673930841,329.5930501870338,9.369629283432964,82.55297218411317,Aircraft
103.48261504266966,137.29458358764083,32.59206184369738,7.250888999811741,Drone
244.8635892978441,329.5930501870338,10.194893208506187,77.90225785731549,Aircraft
83.84578988149151,137.29458358764083,-6.119267763427957,82.34314536321534,Drone
207.6357894449395,8586.613263297015,17.126718426612573,46.69076983127207,Missile
230.4660793680091,329.5930501870338,33.08712474591477,98.34726002502828,Aircraft
182.73523477627484,8586.613263297015,19.514277147657985,78.8841257300236,Missile
146.75709467954593,8586.613263297015,1.313955410711591,77.59259392467091,Missile
129.43386510270787,8586.613263297015,9.211981006869067,75.0360188667951,Missile
111.17179729746864,137.29458358764083,12.50616805909661,15.910202218609125,Drone
279.5634518318695,8586.613263297015,18.96331769102634,22.50585775884807,Missile
250.87962825844144,8586.613263297015,27.967551287630656,46.93502301497808,Missile
289.8578040932886,8586.613263297015,-5.05631911796823,27.136430645987122,Missile
46.04619481080797,329.5930501870338,34.482601650878316,42.10885626107,Aircraft
221.95156780905683,329.5930501870338,-9.38451484919622,88.95794688236914,Aircraft
282.118732478101,137.29458358764083,8.502616733712763,82.60836229604766,Drone
62.55758918804144,137.29458358764083,-8.628984501367118,63.37394796951824,Drone
29.283917536365472,329.5930501870338,9.648711267264563,85.95391903085925,Aircraft
224.92498829411713,137.29458358764083,16.29062994366619,78.59346651270768,Drone
176.59720282217444,329.5930501870338,15.584069329075586,43.46950825224816,Aircraft
254.1303452598989,8586.613263297015,-1.7185826485867324,20.905450052944566,Missile
50.533989221623955,8586.613263297015,22.287025504780615,51.90590296092458,Missile
240.62752043936817,137.29458358764083,-7.761077474766589,73.88665937032646,Drone
68.47192281384591,329.5930501870338,28.09534100662077,44.20554027422971,Aircraft
57.46022343105431,329.5930501870338,37.33222169967731,67.01041906860583,Aircraft
57.637081399987956,137.29458358764083,6.988441357555896,10.33841520281332,Drone
246.2266688671008,329.5930501870338,15.861969085716595,75.05246890076894,Aircraft
202.90719400189803,8586.613263297015,8.945513902940718,81.45864836941314,Missile
161.6889731830446,137.29458358764083,-9.664480484797002,70.97694772227358,Drone
114.06084039581572,137.29458358764083,9.293725144755797,96.75909516511018,Drone
264.3881568358014,329.5930501870338,29.586012963067326,82.8385536886034,Aircraft
123.80908115256426,137.29458358764083,19.79944210917409,90.40627905977729,Drone
246.81383744675736,329.5930501870338,-4.9370042692420535,93.42353726230716,Aircraft
137.34912348536335,329.5930501870338,32.35697448468925,80.33345119550705,Aircraft
119.3138845332232,329.5930501870338,16.554267244262142,67.75162535864341,Aircraft
144.17713784418586,329.5930501870338,32.08616808723381,1.5661395547181396,Aircraft
97.3995835076012,329.5930501870338,19.01107593925147,47.11674956908934,Aircraft
226.80672025111284,137.29458358764083,17.984422241896993,57.54506756361374,Drone
155.78891312681895,8586.613263297015,-4.73704074014938,31.098996972351962,Missile
77.34168159257702,8586.613263297015,-1.6320133430686017,32.492340243443735,Missile
270.87662624962485,137.29458358764083,38.601262824829554,96.15478215530635,Drone
121.32845419823131,137.29458358764083,1.4243373377385389,89.27937565507185,Drone
167.6303297230567,8586.613263297015,38.8726058995184,85.06872154466872,Missile
272.8769121797186,8586.613263297015,16.59563532621317,41.19516836890495,Missile
191.0290188150577,8586.613263297015,-3.2105476468031435,2.35615649048254,Missile
43.90043180542558,8586.613263297015,-5.034889862315353,8.942002399115694,Missile
282.5513158479078,8586.613263297015,0.4432035352869992,31.907440453542762,Missile
192.03533539071117,329.5930501870338,36.28186650126679,2.5585483865720215,Aircraft
107.12262825055498,137.29458358764083,10.70751121641134,2.6978284096046132,Drone
50.3889010723823,329.5930501870338,9.77171339964572,91.74372686259869,Aircraft
240.26730488838584,8586.613263297015,5.660313053508702,70.90969170978636,Missile
189.82109921926892,8586.613263297015,-2.6469074716705805,31.586643016747114,Missile
164.70371667313324,8586.613263297015,14.39255985962032,14.131813182494364,Missile
269.2288490847777,329.5930501870338,-3.4976108744430654,51.65193607161263,Aircraft
238.69319125511393,329.5930501870338,31.77401181911638,1.5292699245820813,Aircraft
53.985715122497844,8586.613263297015,8.519849313765324,93.90296064195626,Missile
100.39939966070898,329.5930501870338,8.740178389089817,42.06669681950577,Aircraft
82.06185054619506,329.5930501870338,13.700321424157796,40.831160568495946,Aircraft
225.74442484607633,8586.613263297015,12.20638565828758,39.66876715059644,Missile
19.72440607337602,329.5930501870338,39.742898652966076,7.863504708388711,Aircraft
175.2680086126818,137.29458358764083,17.269056060915126,64.19390173939084,Drone
231.11301886480027,137.29458358764083,-5.589914810506466,73.56735834320698,Drone
264.2620346609074,137.29458358764083,20.343867078846497,67.93641436124074,Drone
109.20370712761317,137.29458358764083,-2.420785356506002,14.705113839610037,Drone
248.16461835488371,8586.613263297015,-8.453117763432902,58.305176635523665,Missile
42.08320371701009,8586.613263297015,38.53710768386241,57.37896393305313,Missile
255.47116460301027,8586.613263297015,28.676944576728197,86.97266800619683,Missile
46.9717120762749,137.29458358764083,39.005449620688346,38.533638179189055,Drone
125.21331426250651,137.29458358764083,13.893922401112121,37.77710842228399,Drone
241.21565607607056,329.5930501870338,16.612876557448807,62.23417881310037,Aircraft
53.4760539311444,329.5930501870338,-1.583152204043488,63.67419269645179,Aircraft
76.48290461746603,137.29458358764083,2.34537133337928,47.45923750525325,Drone
219.45324483398923,137.29458358764083,31.92746074514141,44.86287687071169,Drone
218.81059559836157,137.29458358764083,7.809282355879709,49.92061939315038,Drone
195.9328135367362,137.29458358764083,31.34074868982095,86.24348465082788,Drone
211.245048895459,329.5930501870338,25.45068621435159,46.65552322413709,Aircraft
167.3900885708029,137.29458358764083,-1.1414537364067243,94.05324740501243,Drone
83.0217270830163,329.5930501870338,15.372318305987108,50.89637259603628,Aircraft
110.25183811613664,137.29458358764083,23.869366075935844,94.97086862490825,Drone
62.66333787241344,137.29458358764083,1.7518607401912547,83.4503582850385,Drone
273.4506627867522,137.29458358764083,31.534425526003844,36.88070093896708,Drone
179.18362048217494,329.5930501870338,17.24138287725934,86.50050070836498,Aircraft
126.24691086145558,329.5930501870338,-1.73789747786984,11.896265135910406,Aircraft
143.9816830567985,8586.613263297015,19.14922130823012,92.57967035895844,Missile
284.7121684874264,137.29458358764083,39.9856902077957,63.53270799320627,Drone
54.47190690366326,8586.613263297015,-2.4739254168293225,6.384684103708807,Missile
180.0066512848712,8586.613263297015,30.837846505976408,64.78141564143034,Missile
156.70771687649514,329.5930501870338,0.3654501593778985,97.45051776033085,Aircraft
187.32172827604788,329.5930501870338,29.119416473004364,7.9102648068482635,Aircraft
15.251953308043747,8586.613263297015,26.72889615607066,55.914083268228545,Missile
262.91593359380397,137.29458358764083,5.024469280021618,75.03164062617788,Drone
280.3143019202476,329.5930501870338,6.29115587822249,81.2156000832536,Aircraft
173.8886232408706,137.29458358764083,29.62606959814596,41.96891906675879,Drone
212.02873892429875,137.29458358764083,13.072275594365632,21.212489357656057,Drone
277.52482054141575,8586.613263297015,26.540901435590442,5.1918855984659995,Missile
215.0992039508856,8586.613263297015,-2.600792631708262,58.39288955262525,Missile
54.23632244513579,8586.613263297015,32.62788909507768,45.83819595649347,Missile
177.1236244483758,8586.613263297015,25.54423583411596,94.92569511982138,Missile
185.9473634510282,329.5930501870338,35.34714044174169,6.999885863776068,Aircraft
132.99789467769193,329.5930501870338,-3.3813810482513773,68.85413900115456,Aircraft
223.5688283311696,8586.613263297015,19.650725018029885,3.47165598988566,Missile
280.9664342830143,329.5930501870338,19.956029252016258,17.971983494343732,Aircraft
278.41486874296515,8586.613263297015,7.673037027339124,45.90432099236058,Missile
140.74341770719832,137.29458358764083,12.923321228462889,46.03237183748395,Drone
42.83903329381902,137.29458358764083,-8.100921835507327,68.88435375043075,Drone
295.603947699077,137.29458358764083,27.293001931350602,91.1110904519079,Drone
253.2804450693209,8586.613263297015,17.4661239701587,64.26418373257715,Missile
46.152177548947385,137.29458358764083,-7.112947406541311,95.39997468729938,Drone
277.04414595903796,329.5930501870338,24.037794648024274,88.27994834792176,Aircraft
262.2699449980172,137.29458358764083,13.339103861559394,58.865479757548236,Drone
160.4630365665609,137.29458358764083,-8.27693702875,83.5454031409639,Drone
181.46987636602947,137.29458358764083,38.48038634240477,64.61518342203976,Drone
125.71078412233777,329.5930501870338,37.45560715447203,8.777225261448987,Aircraft
25.880875258389086,8586.613263297015,15.645120807359877,74.31590760269148,Missile
107.20720007731127,329.5930501870338,-5.31637896470449,10.395935685467276,Aircraft
242.8275000934233,8586.613263297015,27.73106107992959,59.81419527640153,Missile
11.343286671334829,8586.613263297015,14.59655500528645,70.56138037996466,Missile
106.71475979043181,137.29458358764083,5.122373914468994,7.586233212874669,Drone
125.46892114137356,8586.613263297015,14.57090887642784,23.848670738726643,Missile
165.84472485199763,329.5930501870338,16.122207270273222,91.65155099390333,Aircraft
276.7581287597005,329.5930501870338,18.13558495111696,62.01513473105674,Aircraft
110.44033836612876,8586.613263297015,12.061185682766325,25.382315862242628,Missile
110.61642854990603,137.29458358764083,20.287765156952833,69.37729734365266,Drone
223.87536195182702,137.29458358764083,35.93673553031887,60.08086557620727,Drone
141.14320285804408,329.5930501870338,8.113404354929557,50.65599429187689,Aircraft
75.13539865259477,137.29458358764083,26.285823160997452,97.64251052382029,Drone
141.2074596784811,8586.613263297015,34.72262784121161,68.66192396334338,Missile
50.84853591014196,8586.613263297015,12.798963787996847,38.168669857123355,Missile
61.15222608680476,329.5930501870338,12.172791819095206,80.20726977560993,Aircraft
154.52665409444913,8586.613263297015,20.105849267738975,88.57374599919758,Missile
131.48838035631888,329.5930501870338,19.570337971124406,13.396835392166311,Aircraft
275.305311309749,8586.613263297015,30.32946711631385,20.85474480668138,Missile
115.0942307438236,329.5930501870338,13.824169188914635,22.40647390365019,Aircraft
178.3706215806326,137.29458358764083,39.806147481972054,69.42996912926749,Drone
193.35664349666382,8586.613263297015,-7.026421556635961,60.700915950275046,Missile
13.797392410616755,8586.613263297015,-9.841607570964912,62.28016490516023,Missile
202.42583788484606,329.5930501870338,22.00991557798119,94.1365566692606,Aircraft
61.630430392227915,329.5930501870338,4.921745618093835,77.8152417479233,Aircraft
288.710392066142,8586.613263297015,2.01911943497419,13.665755526666535,Missile
53.11219104840276,329.5930501870338,5.594954000214024,35.40320116009292,Aircraft
130.24099588083686,8586.613263297015,2.8023782552477154,44.10397097139783,Missile
34.751403742806716,137.29458358764083,-8.460497516977608,40.20019728601289,Drone
299.09353303532475,329.5930501870338,38.576652119529435,67.26155230702604,Aircraft
155.63655299606035,8586.613263297015,1.0372744226390864,89.29741722239969,Missile
182.6616550228127,137.29458358764083,26.701488129465318,31.299094888756013,Drone
29.45217844264397,137.29458358764083,28.12981973470876,55.63583650569738,Drone
227.48853641576156,8586.613263297015,36.46286990036146,79.15153276944498,Missile
70.87262199771988,329.5930501870338,-8.472527145331002,42.205587825689584,Aircraft
270.435743937807,8586.613263297015,33.602416922350386,17.64369471153029,Missile
69.49049573978208,137.29458358764083,16.361309041990012,48.02014556111108,Drone
65.29943899246331,8586.613263297015,21.627205498291396,6.467029553559819,Missile
20.599403675947514,329.5930501870338,22.22351385605168,94.2959619462254,Aircraft
146.89941408189978,137.29458358764083,30.989890249236375,8.407299314302332,Drone
173.80392864615877,8586.613263297015,6.670366107955527,44.407214809807236,Missile
29.055505434222187,329.5930501870338,26.65255949299967,53.45824484776409,Aircraft
234.90300884155306,137.29458358764083,16.428905486109855,98.54507939644127,Drone
141.453762076928,329.5930501870338,29.66970071526739,17.43616054064322,Aircraft
162.07317810499822,137.29458358764083,39.52730163850667,12.328720342623498,Drone
137.82119661208617,8586.613263297015,0.0325508701880608,1.8619085591918143,Missile
126.22128765384454,329.5930501870338,39.732432077999896,16.40157225006093,Aircraft
172.2956960793832,137.29458358764083,-5.5093922858613,21.520024927699094,Drone
55.01967131990663,329.5930501870338,-9.884122604759307,63.42751321672614,Aircraft
62.75915784362863,329.5930501870338,-7.791903191108437,22.75097224874864,Aircraft
259.91783009392003,8586.613263297015,7.089120236838085,3.0315606582031958,Missile
284.3734840187535,329.5930501870338,21.645316533921708,82.83521620474639,Aircraft
118.25970172112835,137.29458358764083,-6.548522955607519,37.19397439939271,Drone
88.5159552116306,137.29458358764083,-9.716709273521637,36.01597197149266,Drone
196.75986753931457,137.29458358764083,36.854551422939736,30.94542388762473,Drone
128.53290961844795,137.29458358764083,31.09633179699648,97.56195443749567,Drone
17.36204314150001,8586.613263297015,30.45915855695155,17.841426313618868,Missile
55.284253236195205,329.5930501870338,34.22121377509885,89.92556833137027,Aircraft
217.63194636574528,8586.613263297015,25.001713638605217,77.90352988184891,Missile
201.08794315394388,329.5930501870338,-4.779793512595928,8.571515594431995,Aircraft
17.85783782601021,329.5930501870338,9.955009403686152,98.68618104858402,Aircraft
74.37192696055534,329.5930501870338,26.157474323231476,27.865230390362044,Aircraft
77.0116910105407,8586.613263297015,4.016723039576046,10.759709775218822,Missile
204.84889564363124,329.5930501870338,24.37031820681188,83.10210917845018,Aircraft
15.716055948765604,8586.613263297015,-8.775077586617382,70.96087783409229,Missile
40.191488775526416,137.29458358764083,5.306867043979661,62.10466178191218,Drone
241.97566475822492,137.29458358764083,17.456516813858634,16.44210550619438,Drone
61.77795199575675,329.5930501870338,21.604491475312113,48.37111550934023,Aircraft
199.29637127704368,8586.613263297015,18.852033223095543,78.27504666183417,Missile
79.07300650355069,137.29458358764083,24.887813803671477,31.058769876240184,Drone
38.8380039002101,8586.613263297015,-9.695562588008046,31.857293022989104,Missile
80.51993538984169,8586.613263297015,-4.952940001123926,1.3109496987640896,Missile
219.45741023814116,329.5930501870338,33.447212613957255,18.250096762892575,Aircraft
258.1519757508229,137.29458358764083,24.08743220450806,87.6651568870616,Drone
250.76376072442756,329.5930501870338,-4.353417865699435,44.732902672133,Aircraft
125.1832235893519,329.5930501870338,32.10372186992896,98.43921542420897,Aircraft
203.7446896054874,137.29458358764083,2.1115608912283452,40.17508839380547,Drone
69.44544567058807,137.29458358764083,13.912994209761173,71.80345902324389,Drone
95.01284177569384,8586.613263297015,-2.7401743557669853,28.909985247568184,Missile
269.9373873711247,137.29458358764083,25.50550282108533,37.01715447295242,Drone
13.77055781811345,8586.613263297015,23.342721050713394,19.88187277149857,Missile
34.797473947795744,8586.613263297015,0.5556235583068094,35.3591744814401,Missile
70.28701399234792,8586.613263297015,33.17003834285009,55.17651452164367,Missile
17.694339123407715,137.29458358764083,10.06530121098561,99.18551521694569,Drone
62.61627617604122,329.5930501870338,4.6257545535370905,66.75596959410679,Aircraft
179.08205268121074,8586.613263297015,-2.3835205267732276,20.72534948642309,Missile
132.21311967182442,329.5930501870338,3.3084006257768728,5.451182717563562,Aircraft
268.8747962123227,329.5930501870338,-8.89865393880915,13.50929165013655,Aircraft
247.05863290414786,137.29458358764083,19.16287462280578,56.69296492603169,Drone
109.12703199238403,329.5930501870338,32.111537317197396,76.75087255285986,Aircraft
85.23279569507481,329.5930501870338,17.449022472082092,94.10150152277394,Aircraft
120.1107983685074,137.29458358764083,0.9636980961937862,2.566494027685261,Drone
181.18553332929426,8586.613263297015,-8.316541089306364,52.75325401462511,Missile
87.73845583863411,329.5930501870338,0.7314036629401421,47.6158682660945,Aircraft
191.00318327624888,137.29458358764083,10.806071403554615,65.9494471755947,Drone
128.72937913545974,329.5930501870338,27.980571434989827,56.398306592068856,Aircraft
170.09368244707426,329.5930501870338,-0.607857373111294,69.01687590766558,Aircraft
136.47669344924185,8586.613263297015,25.989572667734308,66.15017589016985,Missile
95.39507026715613,329.5930501870338,33.34667341759418,12.584160760936674,Aircraft
285.05145901902546,137.29458358764083,12.697342405417853,80.17207344825324,Drone
231.44568030633064,329.5930501870338,31.071599582129664,13.20002499591616,Aircraft
50.63282097227124,8586.613263297015,17.73286740175478,70.15453189570458,Missile
261.8557130103947,8586.613263297015,21.854541854045248,42.198391396420064,Missile
151.35504749235895,137.29458358764083,16.313923016910135,51.87122272308319,Drone
269.4201457992865,8586.613263297015,13.158635837567086,90.42650342319534,Missile
241.9580242247214,329.5930501870338,1.7326720887924676,89.09848892087517,Aircraft
133.3119162960777,8586.613263297015,5.159702973052303,81.96777425984793,Missile
16.516099412834045,137.29458358764083,4.498505947180451,51.504689665176,Drone
87.91643422163436,8586.613263297015,18.164446547690737,73.88774120324948,Missile
167.0739222516514,8586.613263297015,-4.002315348805504,51.77680849636213,Missile
193.70868374958272,8586.613263297015,35.83958453511676,87.09100216500296,Missile
84.78742877562867,137.29458358764083,26.032757264155663,40.87480749005709,Drone
50.413261481119,8586.613263297015,10.072281545659681,97.05329909707281,Missile
252.12976867179674,8586.613263297015,-2.0687927736811016,93.29995306465888,Missile
295.4766324040301,329.5930501870338,34.09960848608179,74.41865932572676,Aircraft
162.45015286777888,137.29458358764083,31.18890450505826,28.66217253343113,Drone
59.786992896008016,8586.613263297015,26.086077635858963,14.03370529053258,Missile
88.969124690617,137.29458358764083,3.5773523705621173,85.61564155922655,Drone
15.333296198765353,8586.613263297015,10.122331871683446,17.364926327658168,Missile
275.1466539025447,8586.613263297015,-4.862587377378832,85.57181811073623,Missile
44.14781403814093,8586.613263297015,-0.548023763623414,49.58573566452368,Missile
177.18977789913353,329.5930501870338,29.150831865836643,41.24912159700232,Aircraft
89.47601399928973,329.5930501870338,25.75193594253419,90.41588710460849,Aircraft
170.7116207295801,329.5930501870338,19.674288148796734,60.781247271487516,Aircraft
198.91191262204063,137.29458358764083,34.78633629630864,58.08478670584206,Drone
250.62512307508848,137.29458358764083,19.16332589065227,56.31782851781537,Drone
69.86216881057493,329.5930501870338,13.348399998180536,37.74578208593361,Aircraft
13.188790310959337,137.29458358764083,7.018537315288135,78.7786672493836,Drone
49.69683271995411,8586.613263297015,37.02242528680863,26.027045957561526,Missile
271.00540613595047,8586.613263297015,-5.864226923782326,93.95060104408623,Missile
263.4281224931294,8586.613263297015,36.54436860304042,89.50453529964912,Missile
183.2497996293894,329.5930501870338,31.335732996550917,34.41055224181492,Aircraft
184.14988952575948,137.29458358764083,-3.503503773214936,73.2169132133347,Drone
202.86063561841408,329.5930501870338,18.24921788376268,57.74909625050955,Aircraft
60.85767080080038,137.29458358764083,33.327399087454346,34.42728089792423,Drone
275.17946431823833,8586.613263297015,18.590458180357686,98.86364315154923,Missile
131.4434522187012,329.5930501870338,35.359991078031115,3.498497238978156,Aircraft
121.11017319235427,137.29458358764083,37.14919084080213,26.01195703150738,Drone
160.48613453202287,137.29458358764083,11.119226109215294,52.48733205000389,Drone
23.620130364765963,8586.613263297015,8.86568307031618,52.673347344377824,Missile
58.22217693926303,329.5930501870338,36.81605769845784,59.30437441961085,Aircraft
224.02974876364743,329.5930501870338,23.757003057483402,75.41594103026901,Aircraft
34.01161369828668,329.5930501870338,-4.198865932591536,62.72430522141034,Aircraft
184.91411174525257,8586.613263297015,-7.88541253886594,60.42786459227566,Missile
81.15124180758308,329.5930501870338,18.231452549863157,6.297931828391286,Aircraft
122.8957280721732,8586.613263297015,36.50854827192123,38.276498491140536,Missile
93.72118366350296,8586.613263297015,32.21243512029092,23.973518230414445,Missile
113.14508777483525,8586.613263297015,23.792387323216822,27.27164104859557,Missile
218.52331250343119,137.29458358764083,-3.044207555445624,55.879409959694144,Drone
96.16529753072075,329.5930501870338,2.7115691874347796,20.751026178031236,Aircraft
174.2573456861002,329.5930501870338,33.77556132763081,30.100961000672854,Aircraft
148.0546166377389,8586.613263297015,-0.8596381671549764,24.47138614321667,Missile
202.46463795516797,8586.613263297015,3.9219704125217287,94.90179137860127,Missile
281.6806244041798,329.5930501870338,-3.5199674402279024,94.52190748493842,Aircraft
222.44590819097257,8586.613263297015,23.80541157072056,61.384214301009116,Missile
72.33270979131946,329.5930501870338,37.19911526816048,92.5277244044581,Aircraft
19.043109167772556,137.29458358764083,3.448401579769298,78.79545190136893,Drone
86.05657284694928,8586.613263297015,13.770330392503684,59.40484039737907,Missile
182.5725999030739,329.5930501870338,21.716986985560215,1.6370859381827754,Aircraft
24.913485910432602,8586.613263297015,39.97331241078153,77.479112321861,Missile
153.94621168835855,329.5930501870338,-4.7595967501213945,70.54634581725841,Aircraft
183.08442618589788,329.5930501870338,14.928539975285457,61.91011167495898,Aircraft
106.93072833691863,8586.613263297015,9.256005995125001,76.2820068565647,Missile
233.56453908628836,137.29458358764083,33.29100826111776,51.77929431270181,Drone
40.913493408793826,329.5930501870338,13.798386550582794,70.70424386081257,Aircraft
31.78995670338454,329.5930501870338,-4.451123770742596,93.58203658592284,Aircraft
221.17473929904497,329.5930501870338,21.72120726432918,38.20469656876254,Aircraft
153.69248169979755,137.29458358764083,28.53903091319399,71.10406165516191,Drone
209.63669496404344,137.29458358764083,-9.85593741671927,48.09309398308491,Drone
136.09992819508642,8586.613263297015,32.947834271031475,67.76556552958417,Missile
81.45658963934098,137.29458358764083,-0.6988499997167192,76.52644021988205,Drone
247.5396721255179,8586.613263297015,17.60346823266889,5.4997975431438,Missile
241.830604901004,8586.613263297015,10.789875034372507,65.01344395091753,Missile
211.46197654778376,137.29458358764083,25.982690830526522,23.447377256287513,Drone
88.92208979668918,8586.613263297015,8.558080739287092,67.33322124294911,Missile
181.16689339203526,137.29458358764083,33.48815883408554,47.36468840744754,Drone
114.68243011260778,8586.613263297015,26.52481804793951,77.58172144462384,Missile
36.558801264723904,137.29458358764083,22.385658553146072,13.216680705354046,Drone
276.0209368840504,137.29458358764083,29.812029778142715,63.00591281396331,Drone
49.6774029664988,8586.613263297015,27.701151746419114,28.56860216382768,Missile
285.5688326080327,329.5930501870338,-8.203066253922334,85.44521753772855,Aircraft
139.34167415780718,8586.613263297015,9.736717692241406,92.90996705799444,Missile
